layer,M,N,K,fp8_ms,fp8_tflops,fp8_GBps,bf16_ms,bf16_tflops,speedup_vs_bf16
qkv,1,10240,8192,0.0317,5.3,2643.0,0.0481,3.5,1.52
qkv,4,10240,8192,0.0297,22.6,2826.0,0.0461,14.6,1.55
qkv,16,10240,8192,0.0276,97.1,3051.0,0.0461,58.2,1.67
qkv,64,10240,8192,0.0256,419.4,3348.0,0.044,243.9,1.72
qkv,512,10240,8192,0.041,2094.7,2404.0,0.0666,1289.9,1.62
qkv,2048,10240,8192,0.1157,2969.4,1232.0,0.2181,1575.3,1.88
qkv,8192,10240,8192,0.4169,3296.6,765.0,0.8634,1591.9,2.07
o,1,8192,8192,0.0253,5.3,2657.0,0.0379,3.5,1.5
o,4,8192,8192,0.0215,24.9,3121.0,0.0379,14.2,1.76
o,16,8192,8192,0.0215,99.8,3137.0,0.0359,59.9,1.67
o,64,8192,8192,0.0215,398.9,3189.0,0.036,238.5,1.67
o,512,8192,8192,0.0318,2163.7,2509.0,0.0522,1315.9,1.64
o,2048,8192,8192,0.095,2892.7,1236.0,0.1751,1569.8,1.84
o,8192,8192,8192,0.3225,3409.0,832.0,0.6953,1581.3,2.16
gate,1,28672,8192,0.0569,8.3,4127.0,0.1023,4.6,1.8
gate,4,28672,8192,0.0584,32.2,4026.0,0.1044,18.0,1.79
gate,16,28672,8192,0.0584,128.7,4040.0,0.1014,74.1,1.74
gate,64,28672,8192,0.0584,515.1,4096.0,0.0973,309.1,1.67
gate,512,28672,8192,0.1014,2372.9,2648.0,0.1813,1326.5,1.79
gate,2048,28672,8192,0.3082,3121.3,1198.0,0.6236,1542.7,2.02
gate,8192,28672,8192,1.2011,3203.9,643.0,2.8483,1351.1,2.37
gate_up,1,57344,8192,0.0994,9.5,4729.0,0.1843,5.1,1.86
gate_up,4,57344,8192,0.0953,39.4,4936.0,0.1782,21.1,1.87
gate_up,16,57344,8192,0.0973,154.5,4848.0,0.1812,82.9,1.86
gate_up,64,57344,8192,0.0994,605.2,4807.0,0.1792,335.5,1.8
gate_up,512,57344,8192,0.1567,3070.3,3400.0,0.3185,1510.3,2.03
gate_up,2048,57344,8192,0.5929,3245.5,1217.0,1.1827,1626.9,1.99
gate_up,8192,57344,8192,2.5754,2988.5,573.0,5.55,1386.8,2.16
down,1,8192,28672,0.0606,7.7,3875.0,0.1024,4.6,1.69
down,4,8192,28672,0.0584,32.2,4026.0,0.1024,18.4,1.75
down,16,8192,28672,0.0604,124.3,3898.0,0.1024,73.4,1.69
down,64,8192,28672,0.0604,497.4,3933.0,0.1004,299.5,1.66
down,512,8192,28672,0.0891,2699.8,2895.0,0.1635,1471.3,1.83
down,2048,8192,28672,0.3082,3121.3,1061.0,0.6277,1532.7,2.04
down,8192,8192,28672,1.2319,3123.8,490.0,2.385,1613.6,1.94
