shape,round,order,baseline_ms,cluster_n2_ms,speedup
qkv_m1,1,baseline_first,0.04303999990224838,0.0297279991209507,1.4477933656798347
qkv_m1,2,cluster_first,0.02969600073993206,0.029791999608278275,0.9967776963745818
qkv_m1,3,baseline_first,0.02969600073993206,0.02969600073993206,1.0
qkv_m1,4,cluster_first,0.0297279991209507,0.029664000496268272,1.0021574509038482
qkv_m1,5,baseline_first,0.029664000496268272,0.029823999851942062,0.9946352147106998
qkv_m1,6,cluster_first,0.02969600073993206,0.029759999364614487,0.9978495085333059
qkv_m1,7,baseline_first,0.029503999277949333,0.0297279991209507,0.992465021204757
qkv_m1,8,cluster_first,0.0297279991209507,0.02969600073993206,1.0010775316615483
qkv_m1,9,baseline_first,0.029759999364614487,0.029664000496268272,1.0032362077514896
qkv_m1,10,cluster_first,0.0297279991209507,0.0297279991209507,1.0
qkv_m1,11,baseline_first,0.02969600073993206,0.02969600073993206,1.0
qkv_m1,12,cluster_first,0.02969600073993206,0.02969600073993206,1.0
qkv_m1,13,baseline_first,0.029759999364614487,0.02969600073993206,1.0021551260468675
qkv_m1,14,cluster_first,0.02969600073993206,0.0297279991209507,0.9989236281631855
qkv_m1,15,baseline_first,0.029664000496268272,0.02768000029027462,1.0716763072683468
qkv_m1,16,cluster_first,0.02969600073993206,0.0297279991209507,0.9989236281631855
qkv_m1,17,baseline_first,0.02985600009560585,0.027648000046610832,1.0798611127485758
qkv_m1,18,cluster_first,0.0297279991209507,0.0297279991209507,1.0
qkv_m1,19,baseline_first,0.0297279991209507,0.0297279991209507,1.0
qkv_m1,20,cluster_first,0.02969600073993206,0.029503999277949333,1.0065076419021683
qkv_m1,21,baseline_first,0.02969600073993206,0.02969600073993206,1.0
qkv_m1,22,cluster_first,0.02969600073993206,0.029664000496268272,1.0010787568476414
qkv_m1,23,baseline_first,0.029791999608278275,0.0297279991209507,1.0021528689861428
qkv_m1,24,cluster_first,0.0297279991209507,0.02953599952161312,1.0065005282518737
qkv_m1,25,baseline_first,0.02969600073993206,0.0297279991209507,0.9989236281631855
qkv_m1,26,cluster_first,0.0297279991209507,0.029600000008940697,1.0043242943233561
qkv_m1,27,baseline_first,0.0297279991209507,0.0297279991209507,1.0
qkv_m1,28,cluster_first,0.02969600073993206,0.02969600073993206,1.0
qkv_m1,29,baseline_first,0.0297279991209507,0.0297279991209507,1.0
qkv_m1,30,cluster_first,0.029632000252604485,0.0297279991209507,0.9967707591770426
qkv_m1,31,baseline_first,0.0297279991209507,0.0297279991209507,1.0
qkv_m1,32,cluster_first,0.0297279991209507,0.029600000008940697,1.0043242943233561
qkv_m1,33,baseline_first,0.029759999364614487,0.029823999851942062,0.9978540609024511
qkv_m1,34,cluster_first,0.029600000008940697,0.02985600009560585,0.9914255062350823
qkv_m1,35,baseline_first,0.029759999364614487,0.03174399957060814,0.9374999926653652
qkv_m1,36,cluster_first,0.03484800085425377,0.027648000046610832,1.2604166954392613
qkv_m1,37,baseline_first,0.03478400036692619,0.03481600061058998,0.9990808753704452
qkv_m1,38,cluster_first,0.02924799919128418,0.03686400130391121,0.793402727776624
qkv_m1,39,baseline_first,0.029791999608278275,0.0297279991209507,1.0021528689861428
qkv_m1,40,cluster_first,0.02969600073993206,0.029632000252604485,1.0021598436414008
qkv_m1,41,baseline_first,0.029759999364614487,0.02969600073993206,1.0021551260468675
qkv_m1,42,cluster_first,0.029759999364614487,0.02969600073993206,1.0021551260468675
qkv_m1,43,baseline_first,0.02969600073993206,0.0297279991209507,0.9989236281631855
qkv_m1,44,cluster_first,0.0297279991209507,0.0297279991209507,1.0
qkv_m1,45,baseline_first,0.0297279991209507,0.027648000046610832,1.0752314478744671
qkv_m1,46,cluster_first,0.029791999608278275,0.02969600073993206,1.003232720432187
qkv_m1,47,baseline_first,0.0297279991209507,0.02953599952161312,1.0065005282518737
qkv_m1,48,cluster_first,0.0297279991209507,0.027648000046610832,1.0752314478744671
qkv_m1,49,baseline_first,0.0297279991209507,0.02969600073993206,1.0010775316615483
qkv_m1,50,cluster_first,0.02969600073993206,0.02969600073993206,1.0
gate_up_m16,1,baseline_first,0.09731200337409973,0.09728000313043594,1.0003289498626031
gate_up_m16,2,cluster_first,0.09731200337409973,0.09724800288677216,1.000658116212444
gate_up_m16,3,baseline_first,0.09731200337409973,0.09728000313043594,1.0003289498626031
gate_up_m16,4,cluster_first,0.09724800288677216,0.09728000313043594,0.9996710501373969
gate_up_m16,5,baseline_first,0.09731200337409973,0.09731200337409973,1.0
gate_up_m16,6,cluster_first,0.09728000313043594,0.09724800288677216,1.0003290581062219
gate_up_m16,7,baseline_first,0.09731200337409973,0.09728000313043594,1.0003289498626031
gate_up_m16,8,cluster_first,0.09731200337409973,0.09728000313043594,1.0003289498626031
gate_up_m16,9,baseline_first,0.09728000313043594,0.09728000313043594,1.0
gate_up_m16,10,cluster_first,0.09724800288677216,0.09728000313043594,0.9996710501373969
gate_up_m16,11,baseline_first,0.09724800288677216,0.09728000313043594,0.9996710501373969
gate_up_m16,12,cluster_first,0.09523200243711472,0.09520000219345093,1.0003361370055304
gate_up_m16,13,baseline_first,0.09728000313043594,0.0974079966545105,0.9986860059905706
gate_up_m16,14,cluster_first,0.0952640026807785,0.09731200337409973,0.9789542849565225
gate_up_m16,15,baseline_first,0.09728000313043594,0.09731200337409973,0.9996711583098257
gate_up_m16,16,cluster_first,0.09728000313043594,0.09728000313043594,1.0
gate_up_m16,17,baseline_first,0.09731200337409973,0.09731200337409973,1.0
gate_up_m16,18,cluster_first,0.09731200337409973,0.09728000313043594,1.0003289498626031
gate_up_m16,19,baseline_first,0.09724800288677216,0.09728000313043594,0.9996710501373969
gate_up_m16,20,cluster_first,0.09750399738550186,0.0974079966545105,1.0009855528733627
gate_up_m16,21,baseline_first,0.09728000313043594,0.09728000313043594,1.0
gate_up_m16,22,cluster_first,0.09728000313043594,0.09728000313043594,1.0
gate_up_m16,23,baseline_first,0.09523200243711472,0.09731200337409973,0.9786254432663481
gate_up_m16,24,cluster_first,0.09529600292444229,0.09724800288677216,0.9799276087489157
gate_up_m16,25,baseline_first,0.09728000313043594,0.09728000313043594,1.0
gate_up_m16,26,cluster_first,0.09728000313043594,0.09728000313043594,1.0
gate_up_m16,27,baseline_first,0.09728000313043594,0.09724800288677216,1.0003290581062219
gate_up_m16,28,cluster_first,0.09728000313043594,0.09523200243711472,1.0215053830740732
gate_up_m16,29,baseline_first,0.09724800288677216,0.09731200337409973,0.9993423166196513
gate_up_m16,30,cluster_first,0.09728000313043594,0.09731200337409973,0.9996711583098257
gate_up_m16,31,baseline_first,0.09728000313043594,0.09510400146245956,1.0228802325298092
gate_up_m16,32,cluster_first,0.09728000313043594,0.09728000313043594,1.0
gate_up_m16,33,baseline_first,0.09728000313043594,0.09731200337409973,0.9996711583098257
gate_up_m16,34,cluster_first,0.09529600292444229,0.09728000313043594,0.9796052616966567
gate_up_m16,35,baseline_first,0.09728000313043594,0.09724800288677216,1.0003290581062219
gate_up_m16,36,cluster_first,0.09731200337409973,0.09731200337409973,1.0
gate_up_m16,37,baseline_first,0.09743999689817429,0.09743999689817429,1.0
gate_up_m16,38,cluster_first,0.09731200337409973,0.09721600264310837,1.0009874992633032
gate_up_m16,39,baseline_first,0.09728000313043594,0.09932799637317657,0.9793815105758673
gate_up_m16,40,cluster_first,0.09728000313043594,0.09728000313043594,1.0
gate_up_m16,41,baseline_first,0.09724800288677216,0.09523200243711472,1.0211693590186626
gate_up_m16,42,cluster_first,0.09724800288677216,0.09728000313043594,0.9996710501373969
gate_up_m16,43,baseline_first,0.09731200337409973,0.09734400361776352,0.9996712664111347
gate_up_m16,44,cluster_first,0.09731200337409973,0.09724800288677216,1.000658116212444
gate_up_m16,45,baseline_first,0.09833600372076035,0.09728000313043594,1.010855268876878
gate_up_m16,46,cluster_first,0.09731200337409973,0.09728000313043594,1.0003289498626031
gate_up_m16,47,baseline_first,0.09724800288677216,0.09728000313043594,0.9996710501373969
gate_up_m16,48,cluster_first,0.09523200243711472,0.09728000313043594,0.9789473619714505
gate_up_m16,49,baseline_first,0.09728000313043594,0.09724800288677216,1.0003290581062219
gate_up_m16,50,cluster_first,0.09728000313043594,0.0987199991941452,0.9854133298676662
