M,round,order,baseline_ms,cluster_n2_ms,cublaslt_ms
1,1,baseline>cluster>cublas,0.09932799637317657,0.09932799637317657,0.09321600198745728
1,2,cluster>cublas>baseline,0.09932799637317657,0.09932799637317657,0.09523200243711472
1,3,cublas>baseline>cluster,0.09929600358009338,0.09932799637317657,0.09113600105047226
1,4,baseline>cluster>cublas,0.09731200337409973,0.09929600358009338,0.09321600198745728
1,5,cluster>cublas>baseline,0.09932799637317657,0.09932799637317657,0.09318400174379349
1,6,cublas>baseline>cluster,0.09932799637317657,0.09935999661684036,0.09321600198745728
1,7,baseline>cluster>cublas,0.09932799637317657,0.09935999661684036,0.09321600198745728
1,8,cluster>cublas>baseline,0.09935999661684036,0.09932799637317657,0.09318400174379349
1,9,cublas>baseline>cluster,0.09932799637317657,0.09932799637317657,0.09318400174379349
1,10,baseline>cluster>cublas,0.0992640033364296,0.09929600358009338,0.09318400174379349
1,11,cluster>cublas>baseline,0.09935999661684036,0.09935999661684036,0.09324800223112106
1,12,cublas>baseline>cluster,0.09731200337409973,0.09929600358009338,0.09318400174379349
1,13,baseline>cluster>cublas,0.09932799637317657,0.10124800354242325,0.09321600198745728
1,14,cluster>cublas>baseline,0.09929600358009338,0.09935999661684036,0.09308800101280212
1,15,cublas>baseline>cluster,0.09945599734783173,0.09935999661684036,0.09318400174379349
1,16,baseline>cluster>cublas,0.09731200337409973,0.09935999661684036,0.0931520015001297
1,17,cluster>cublas>baseline,0.09728000313043594,0.09932799637317657,0.09321600198745728
1,18,cublas>baseline>cluster,0.09932799637317657,0.09932799637317657,0.0931520015001297
1,19,baseline>cluster>cublas,0.09932799637317657,0.09935999661684036,0.09321600198745728
1,20,cluster>cublas>baseline,0.09929600358009338,0.09929600358009338,0.09318400174379349
1,21,cublas>baseline>cluster,0.09731200337409973,0.09929600358009338,0.09318400174379349
1,22,baseline>cluster>cublas,0.09929600358009338,0.09932799637317657,0.09321600198745728
1,23,cluster>cublas>baseline,0.09731200337409973,0.09932799637317657,0.09318400174379349
1,24,cublas>baseline>cluster,0.09929600358009338,0.10134399682283401,0.0931520015001297
1,25,baseline>cluster>cublas,0.09932799637317657,0.1013759970664978,0.09321600198745728
1,26,cluster>cublas>baseline,0.09932799637317657,0.09929600358009338,0.09324800223112106
1,27,cublas>baseline>cluster,0.09935999661684036,0.09929600358009338,0.09113600105047226
1,28,baseline>cluster>cublas,0.09939199686050415,0.09932799637317657,0.09318400174379349
1,29,cluster>cublas>baseline,0.09932799637317657,0.09932799637317657,0.09318400174379349
1,30,cublas>baseline>cluster,0.09935999661684036,0.09935999661684036,0.09318400174379349
4,1,baseline>cluster>cublas,0.09929600358009338,0.09523200243711472,0.09110400080680847
4,2,cluster>cublas>baseline,0.09923200309276581,0.09724800288677216,0.0910400003194809
4,3,cublas>baseline>cluster,0.09939199686050415,0.09932799637317657,0.09116800129413605
4,4,baseline>cluster>cublas,0.09724800288677216,0.09929600358009338,0.09116800129413605
4,5,cluster>cublas>baseline,0.09948799759149551,0.09935999661684036,0.09120000153779984
4,6,cublas>baseline>cluster,0.09728000313043594,0.09724800288677216,0.09123200178146362
4,7,baseline>cluster>cublas,0.09929600358009338,0.09935999661684036,0.09116800129413605
4,8,cluster>cublas>baseline,0.09728000313043594,0.09935999661684036,0.09113600105047226
4,9,cublas>baseline>cluster,0.09932799637317657,0.0992640033364296,0.09116800129413605
4,10,baseline>cluster>cublas,0.09942399710416794,0.09728000313043594,0.09123200178146362
4,11,cluster>cublas>baseline,0.09932799637317657,0.09929600358009338,0.09116800129413605
4,12,cublas>baseline>cluster,0.09728000313043594,0.09935999661684036,0.09113600105047226
4,13,baseline>cluster>cublas,0.09728000313043594,0.09932799637317657,0.09113600105047226
4,14,cluster>cublas>baseline,0.09923200309276581,0.09724800288677216,0.09113600105047226
4,15,cublas>baseline>cluster,0.09932799637317657,0.09948799759149551,0.09113600105047226
4,16,baseline>cluster>cublas,0.09731200337409973,0.09731200337409973,0.09116800129413605
4,17,cluster>cublas>baseline,0.09929600358009338,0.09932799637317657,0.09113600105047226
4,18,cublas>baseline>cluster,0.09935999661684036,0.09932799637317657,0.09113600105047226
4,19,baseline>cluster>cublas,0.09728000313043594,0.09731200337409973,0.09116800129413605
4,20,cluster>cublas>baseline,0.09932799637317657,0.09731200337409973,0.09116800129413605
4,21,cublas>baseline>cluster,0.09935999661684036,0.09728000313043594,0.09113600105047226
4,22,baseline>cluster>cublas,0.09935999661684036,0.09728000313043594,0.0910400003194809
4,23,cluster>cublas>baseline,0.09728000313043594,0.09932799637317657,0.09116800129413605
4,24,cublas>baseline>cluster,0.09935999661684036,0.09728000313043594,0.09113600105047226
4,25,baseline>cluster>cublas,0.09731200337409973,0.09728000313043594,0.09113600105047226
4,26,cluster>cublas>baseline,0.09747199714183807,0.09935999661684036,0.09116800129413605
4,27,cublas>baseline>cluster,0.09929600358009338,0.09731200337409973,0.09116800129413605
4,28,baseline>cluster>cublas,0.09935999661684036,0.09932799637317657,0.09113600105047226
4,29,cluster>cublas>baseline,0.09939199686050415,0.09932799637317657,0.0931520015001297
4,30,cublas>baseline>cluster,0.09935999661684036,0.09935999661684036,0.09318400174379349
16,1,baseline>cluster>cublas,0.09731200337409973,0.09728000313043594,0.09724800288677216
16,2,cluster>cublas>baseline,0.09750399738550186,0.09721600264310837,0.09728000313043594
16,3,cublas>baseline>cluster,0.09724800288677216,0.09728000313043594,0.09731200337409973
16,4,baseline>cluster>cublas,0.09728000313043594,0.09705600142478943,0.09724800288677216
16,5,cluster>cublas>baseline,0.09728000313043594,0.09728000313043594,0.09728000313043594
16,6,cublas>baseline>cluster,0.09731200337409973,0.09724800288677216,0.09728000313043594
16,7,baseline>cluster>cublas,0.09724800288677216,0.09731200337409973,0.09731200337409973
16,8,cluster>cublas>baseline,0.09724800288677216,0.09731200337409973,0.09728000313043594
16,9,cublas>baseline>cluster,0.09523200243711472,0.09728000313043594,0.09728000313043594
16,10,baseline>cluster>cublas,0.09728000313043594,0.09724800288677216,0.09935999661684036
16,11,cluster>cublas>baseline,0.09731200337409973,0.09731200337409973,0.09728000313043594
16,12,cublas>baseline>cluster,0.09728000313043594,0.09728000313043594,0.09935999661684036
16,13,baseline>cluster>cublas,0.09724800288677216,0.09734400361776352,0.09728000313043594
16,14,cluster>cublas>baseline,0.09520000219345093,0.09731200337409973,0.09728000313043594
16,15,cublas>baseline>cluster,0.09731200337409973,0.09731200337409973,0.09734400361776352
16,16,baseline>cluster>cublas,0.09523200243711472,0.09731200337409973,0.09731200337409973
16,17,cluster>cublas>baseline,0.09724800288677216,0.09731200337409973,0.09731200337409973
16,18,cublas>baseline>cluster,0.09731200337409973,0.09728000313043594,0.09728000313043594
16,19,baseline>cluster>cublas,0.09728000313043594,0.09728000313043594,0.09728000313043594
16,20,cluster>cublas>baseline,0.09728000313043594,0.09724800288677216,0.09731200337409973
16,21,cublas>baseline>cluster,0.09520000219345093,0.09728000313043594,0.09724800288677216
16,22,baseline>cluster>cublas,0.09731200337409973,0.09728000313043594,0.09728000313043594
16,23,cluster>cublas>baseline,0.09731200337409973,0.09731200337409973,0.09731200337409973
16,24,cublas>baseline>cluster,0.09523200243711472,0.09728000313043594,0.09728000313043594
16,25,baseline>cluster>cublas,0.09728000313043594,0.09728000313043594,0.09731200337409973
16,26,cluster>cublas>baseline,0.09728000313043594,0.09728000313043594,0.09728000313043594
16,27,cublas>baseline>cluster,0.09731200337409973,0.09728000313043594,0.09935999661684036
16,28,baseline>cluster>cublas,0.0952640026807785,0.09731200337409973,0.09734400361776352
16,29,cluster>cublas>baseline,0.0952640026807785,0.09721600264310837,0.09731200337409973
16,30,cublas>baseline>cluster,0.09728000313043594,0.09728000313043594,0.09731200337409973
64,1,baseline>cluster>cublas,0.09728000313043594,0.09728000313043594,0.09929600358009338
64,2,cluster>cublas>baseline,0.09731200337409973,0.09942399710416794,0.09935999661684036
64,3,cublas>baseline>cluster,0.09728000313043594,0.09923200309276581,0.09935999661684036
64,4,baseline>cluster>cublas,0.09724800288677216,0.09932799637317657,0.09929600358009338
64,5,cluster>cublas>baseline,0.09724800288677216,0.09923200309276581,0.09935999661684036
64,6,cublas>baseline>cluster,0.09932799637317657,0.09734400361776352,0.09728000313043594
64,7,baseline>cluster>cublas,0.09728000313043594,0.09935999661684036,0.09939199686050415
64,8,cluster>cublas>baseline,0.09724800288677216,0.09728000313043594,0.09935999661684036
64,9,cublas>baseline>cluster,0.09728000313043594,0.09728000313043594,0.09935999661684036
64,10,baseline>cluster>cublas,0.09728000313043594,0.09932799637317657,0.09932799637317657
64,11,cluster>cublas>baseline,0.09731200337409973,0.09935999661684036,0.09932799637317657
64,12,cublas>baseline>cluster,0.09728000313043594,0.09932799637317657,0.09932799637317657
64,13,baseline>cluster>cublas,0.09724800288677216,0.09935999661684036,0.09935999661684036
64,14,cluster>cublas>baseline,0.09731200337409973,0.09728000313043594,0.09932799637317657
64,15,cublas>baseline>cluster,0.09728000313043594,0.09935999661684036,0.09935999661684036
64,16,baseline>cluster>cublas,0.09728000313043594,0.09932799637317657,0.09932799637317657
64,17,cluster>cublas>baseline,0.09728000313043594,0.09721600264310837,0.09964799880981445
64,18,cublas>baseline>cluster,0.09724800288677216,0.09750399738550186,0.09929600358009338
64,19,baseline>cluster>cublas,0.09718400239944458,0.09932799637317657,0.09929600358009338
64,20,cluster>cublas>baseline,0.09724800288677216,0.09935999661684036,0.09929600358009338
64,21,cublas>baseline>cluster,0.09728000313043594,0.0992640033364296,0.09935999661684036
64,22,baseline>cluster>cublas,0.09731200337409973,0.09935999661684036,0.09939199686050415
64,23,cluster>cublas>baseline,0.09724800288677216,0.09737599641084671,0.09935999661684036
64,24,cublas>baseline>cluster,0.09728000313043594,0.09929600358009338,0.09929600358009338
64,25,baseline>cluster>cublas,0.09724800288677216,0.09728000313043594,0.09932799637317657
64,26,cluster>cublas>baseline,0.09724800288677216,0.09724800288677216,0.09935999661684036
64,27,cublas>baseline>cluster,0.09737599641084671,0.09929600358009338,0.09929600358009338
64,28,baseline>cluster>cublas,0.09724800288677216,0.09929600358009338,0.09948799759149551
64,29,cluster>cublas>baseline,0.09724800288677216,0.09929600358009338,0.09942399710416794
64,30,cublas>baseline>cluster,0.09731200337409973,0.09728000313043594,0.09932799637317657
