layer,M,N,K,tile,custom_cold_ms,cublaslt_cold_ms,speedup_vs_cublaslt
qkv,1,10240,8192,64x128x128,0.02976,0.0317,1.0651881720430108
qkv,4,10240,8192,64x128x128,0.02976,0.0297,0.9979838709677419
qkv,16,10240,8192,64x128x128,0.029744,0.0276,0.9279182356105433
qkv,64,10240,8192,64x128x128,0.029728,0.0256,0.8611410118406889
o,1,8192,8192,64x64x128,0.027648,0.0253,0.9150752314814815
o,4,8192,8192,64x64x128,0.02768,0.0215,0.7767341040462428
o,16,8192,8192,64x64x128,0.025632,0.0215,0.8387952559300874
o,64,8192,8192,64x64x128,0.025648,0.0215,0.8382719900187148
gate,1,28672,8192,64x64x128,0.062528,0.0569,0.9099923234390993
gate,4,28672,8192,64x64x128,0.064544,0.0584,0.9048091224590976
gate,16,28672,8192,64x128x128,0.0584,0.0584,1.0
gate,64,28672,8192,64x128x128,0.0584,0.0584,1.0
gate_up,1,57344,8192,64x128x128,0.09936,0.0994,1.000402576489533
gate_up,4,57344,8192,64x128x128,0.09936,0.0953,0.9591384863123993
gate_up,16,57344,8192,64x64x128,0.093248,0.0973,1.0434540150995195
gate_up,64,57344,8192,64x64x128,0.095264,0.0994,1.0434161907961035
down,1,8192,28672,64x64x128,0.062496,0.0606,0.9696620583717358
down,4,8192,28672,64x64x128,0.062528,0.0584,0.9339815762538383
down,16,8192,28672,64x64x128,0.056352,0.0604,1.0718341851220898
down,64,8192,28672,64x64x128,0.056352,0.0604,1.0718341851220898
