layer,M,N,K,tile,custom_cold_ms,cublaslt_cold_ms
qkv,1,10240,8192,64x64x128,0.033824,0.0317
qkv,1,10240,8192,64x128x128,0.02976,0.0317
qkv,4,10240,8192,64x64x128,0.033888,0.0297
qkv,4,10240,8192,64x128x128,0.02976,0.0297
qkv,16,10240,8192,64x64x128,0.031776,0.0276
qkv,16,10240,8192,64x128x128,0.029744,0.0276
qkv,64,10240,8192,64x64x128,0.031776,0.0256
qkv,64,10240,8192,64x128x128,0.029728,0.0256
o,1,8192,8192,64x64x128,0.027648,0.0253
o,1,8192,8192,64x128x128,0.02768,0.0253
o,4,8192,8192,64x64x128,0.02768,0.0215
o,4,8192,8192,64x128x128,0.027712,0.0215
o,16,8192,8192,64x64x128,0.025632,0.0215
o,16,8192,8192,64x128x128,0.02768,0.0215
o,64,8192,8192,64x64x128,0.025648,0.0215
o,64,8192,8192,64x128x128,0.02768,0.0215
gate,1,28672,8192,64x64x128,0.062528,0.0569
gate,1,28672,8192,64x128x128,0.06464,0.0569
gate,4,28672,8192,64x64x128,0.064544,0.0584
gate,4,28672,8192,64x128x128,0.06648,0.0584
gate,16,28672,8192,64x64x128,0.060448,0.0584
gate,16,28672,8192,64x128x128,0.0584,0.0584
gate,64,28672,8192,64x64x128,0.060448,0.0584
gate,64,28672,8192,64x128x128,0.0584,0.0584
gate_up,1,57344,8192,64x64x128,0.113696,0.0994
gate_up,1,57344,8192,64x128x128,0.09936,0.0994
gate_up,4,57344,8192,64x64x128,0.113696,0.0953
gate_up,4,57344,8192,64x128x128,0.09936,0.0953
gate_up,16,57344,8192,64x64x128,0.093248,0.0973
gate_up,16,57344,8192,64x128x128,0.099328,0.0973
gate_up,64,57344,8192,64x64x128,0.095264,0.0994
gate_up,64,57344,8192,64x128x128,0.09936,0.0994
down,1,8192,28672,64x64x128,0.062496,0.0606
down,1,8192,28672,64x128x128,0.066624,0.0606
down,4,8192,28672,64x64x128,0.062528,0.0584
down,4,8192,28672,64x128x128,0.066592,0.0584
down,16,8192,28672,64x64x128,0.056352,0.0604
down,16,8192,28672,64x128x128,0.06256,0.0604
down,64,8192,28672,64x64x128,0.056352,0.0604
down,64,8192,28672,64x128x128,0.062544,0.0604
