M,batch,direct_ms,baseline_ms,speedup
1,1,0.15667200088500977,0.17310400307178497,1.1048815493129214
1,2,0.15670399367809296,0.17508800327777863,1.1173167905181203
1,3,0.15670399367809296,0.17339199781417847,1.1064938023874913
1,4,0.15667200088500977,0.17507199943065643,1.1174428005113144
1,5,0.15670399367809296,0.17308799922466278,1.1045538480673724
1,6,0.15671999752521515,0.17308799922466278,1.1044410538407146
1,7,0.1587039977312088,0.17310400307178497,1.0907349880685737
4,1,0.15670399367809296,0.18227200210094452,1.1631611793849639
4,2,0.15670399367809296,0.18331199884414673,1.1697978752265428
4,3,0.15670399367809296,0.18329599499702454,1.1696957473436054
4,4,0.15667200088500977,0.18329599499702454,1.169934601981343
4,5,0.15670399367809296,0.18329599499702454,1.1696957473436054
4,6,0.15670399367809296,0.18329599499702454,1.1696957473436054
4,7,0.15670399367809296,0.18326399475336075,1.1694915391232996
16,1,0.14032000303268433,0.18534399569034576,1.3208665313894992
16,2,0.14032000303268433,0.18535999953746796,1.3209805838893305
16,3,0.14032000303268433,0.18532799929380417,1.320752531986735
16,4,0.14032000303268433,0.18534399569034576,1.3208665313894992
16,5,0.14032000303268433,0.18534399569034576,1.3208665313894992
16,6,0.14032000303268433,0.18535999953746796,1.3209805838893305
16,7,0.14033599942922592,0.18534399569034576,1.3207159705576346
64,1,0.14840000122785568,0.20481599867343903,1.3801617047088923
64,2,0.1475200057029724,0.2056479975581169,1.3940346367135021
64,3,0.14851200580596924,0.20380799472332,1.3723334596234253
64,4,0.14851200580596924,0.20481599867343903,1.3791208162727995
64,5,0.14851200580596924,0.2038400024175644,1.3725489822276127
64,6,0.14849600195884705,0.20388799905776978,1.373020124233874
64,7,0.14851200580596924,0.20380799472332,1.3723334596234253
