M,round,order,custom_ms,baseline_ms,speedup
1,1,custom_first,0.16185599565505981,0.18534399569034576,1.1451166510095956
1,2,baseline_first,0.16076800227165222,0.18329599499702454,1.1401273413058055
1,3,custom_first,0.158720001578331,0.18537600338459015,1.1679435580972066
1,4,baseline_first,0.15875199437141418,0.18329599499702454,1.1546059356469407
1,5,custom_first,0.1607999950647354,0.18534399569034576,1.1526368244957306
1,6,baseline_first,0.158720001578331,0.18537600338459015,1.1679435580972066
1,7,custom_first,0.16076800227165222,0.18329599499702454,1.1401273413058055
1,8,baseline_first,0.1607999950647354,0.18534399569034576,1.1526368244957306
1,9,custom_first,0.16076800227165222,0.18329599499702454,1.1401273413058055
1,10,baseline_first,0.1608320027589798,0.18534399569034576,1.1524074345334072
1,11,custom_first,0.16076800227165222,0.18534399569034576,1.1528661989415474
1,12,baseline_first,0.16076800227165222,0.18332800269126892,1.1403264337482824
1,13,custom_first,0.16076800227165222,0.187391996383667,1.1656050565772895
1,14,baseline_first,0.16096000373363495,0.18537600338459015,1.151689855147867
1,15,custom_first,0.1607999950647354,0.18534399569034576,1.1526368244957306
1,16,baseline_first,0.16070400178432465,0.1833599954843521,1.1409796485991264
1,17,custom_first,0.1607999950647354,0.18329599499702454,1.1399005013851686
1,18,baseline_first,0.1607999950647354,0.18534399569034576,1.1526368244957306
1,19,custom_first,0.15875199437141418,0.18537600338459015,1.167708186083551
1,20,baseline_first,0.1607999950647354,0.18540799617767334,1.1530348374888393
1,21,custom_first,0.1607999950647354,0.18531200289726257,1.1524378643336342
1,22,baseline_first,0.16076800227165222,0.1855359971523285,1.154060475534338
1,23,custom_first,0.1607999950647354,0.18534399569034576,1.1526368244957306
1,24,baseline_first,0.16073599457740784,0.18537600338459015,1.1532949036832947
1,25,custom_first,0.16089600324630737,0.18537600338459015,1.152147969150033
1,26,baseline_first,0.16064000129699707,0.18332800269126892,1.1412350673001144
1,27,custom_first,0.1607999950647354,0.185248002409935,1.1520398513405254
1,28,baseline_first,0.1607999950647354,0.18534399569034576,1.1526368244957306
1,29,custom_first,0.1607999950647354,0.18534399569034576,1.1526368244957306
1,30,baseline_first,0.1607999950647354,0.18537600338459015,1.1528358773267426
4,1,custom_first,0.16281600296497345,0.18940800428390503,1.163325476824611
4,2,baseline_first,0.16489599645137787,0.1934719979763031,1.1732971214577141
4,3,custom_first,0.16281600296497345,0.19350400567054749,1.1884827175875086
4,4,baseline_first,0.16486400365829468,0.1913599967956543,1.1607142405220034
4,5,custom_first,0.16684800386428833,0.19148799777030945,1.147679284950049
4,6,baseline_first,0.16486400365829468,0.1955839991569519,1.1863353722885985
4,7,custom_first,0.16278399527072906,0.1894720047712326,1.1639473798153082
4,8,baseline_first,0.16489599645137787,0.19152000546455383,1.161459402205841
4,9,custom_first,0.16281600296497345,0.1894720047712326,1.1637185615715775
4,10,baseline_first,0.1669120043516159,0.18943999707698822,1.1349692780509362
4,11,custom_first,0.16489599645137787,0.19145600497722626,1.1610712758188766
4,12,baseline_first,0.1669439971446991,0.1894720047712326,1.1349435020835599
4,13,custom_first,0.16489599645137787,0.19139200448989868,1.160683149431912
4,14,baseline_first,0.16486400365829468,0.1895039975643158,1.1494564814590527
4,15,custom_first,0.16486400365829468,0.19548800587654114,1.1857531149232508
4,16,baseline_first,0.16486400365829468,0.19350400567054749,1.1737189524501268
4,17,custom_first,0.16687999665737152,0.18943999707698822,1.1351869659126108
4,18,baseline_first,0.1669120043516159,0.18937599658966064,1.1345858395584432
4,19,custom_first,0.1648319959640503,0.1894720047712326,1.1494855938804276
4,20,baseline_first,0.16284799575805664,0.19148799777030945,1.1758695394372753
4,21,custom_first,0.16486400365829468,0.19148799777030945,1.1614906439321768
4,22,baseline_first,0.16687999665737152,0.19148799777030945,1.1474592617799584
4,23,custom_first,0.16476799547672272,0.19152000546455383,1.1623616886909962
4,24,baseline_first,0.16486400365829468,0.19152000546455383,1.1616847899770026
4,25,custom_first,0.16495999693870544,0.19331200420856476,1.171872016222176
4,26,baseline_first,0.1669120043516159,0.19353599846363068,1.1595091630193883
4,27,custom_first,0.1650560051202774,0.19152000546455383,1.1603334596944348
4,28,baseline_first,0.16486400365829468,0.19356800615787506,1.1741071541552135
4,29,custom_first,0.1648319959640503,0.19145600497722626,1.1615220931922867
4,30,baseline_first,0.1669439971446991,0.18940800428390503,1.1345601370724052
16,1,custom_first,0.15462400019168854,0.19356800615787506,1.2518626210543469
16,2,baseline_first,0.1526080071926117,0.19353599846363068,1.2681903264706313
16,3,custom_first,0.15056000649929047,0.19155199825763702,1.272263482922603
16,4,baseline_first,0.1525759994983673,0.19350400567054749,1.268246685630384
16,5,custom_first,0.15052799880504608,0.19152000546455383,1.2723214749742198
16,6,baseline_first,0.1526080071926117,0.19148799777030945,1.254770318366231
16,7,custom_first,0.1526080071926117,0.19139200448989868,1.2541412997309924
16,8,baseline_first,0.1525759994983673,0.1934719979763031,1.2680369036571404
16,9,custom_first,0.15056000649929047,0.1977279931306839,1.3132836383851758
16,10,baseline_first,0.15059199929237366,0.19353599846363068,1.2851678666399895
16,11,custom_first,0.15062400698661804,0.19142399728298187,1.27087309063547
16,12,baseline_first,0.1526080071926117,0.19350400567054749,1.267980686140011
16,13,custom_first,0.1504639983177185,0.19756799936294556,1.3130582835221662
16,14,baseline_first,0.15039999783039093,0.1956160068511963,1.3006383621879858
16,15,custom_first,0.15455999970436096,0.19353599846363068,1.2521739054983319
16,16,baseline_first,0.1525759994983673,0.19356800615787506,1.2686661519130105
16,17,custom_first,0.1525759994983673,0.1956160068511963,1.2820889752931919
16,18,baseline_first,0.1525759994983673,0.19148799777030945,1.2550335465595854
16,19,custom_first,0.15056000649929047,0.19564799964427948,1.2994685919145565
16,20,baseline_first,0.15062400698661804,0.19350400567054749,1.2846823659905626
16,21,custom_first,0.15052799880504608,0.1956160068511963,1.29953236875583
16,22,baseline_first,0.15056000649929047,0.19148799777030945,1.271838400001742
16,23,custom_first,0.15052799880504608,0.18943999707698822,1.2585033919326756
16,24,baseline_first,0.1525759994983673,0.1956160068511963,1.2820889752931919
16,25,custom_first,0.15056000649929047,0.19843199849128723,1.3179595505146473
16,26,baseline_first,0.15263999998569489,0.19353599846363068,1.2679245183554015
16,27,custom_first,0.1526080071926117,0.19356800615787506,1.268400064444629
16,28,baseline_first,0.15052799880504608,0.19353599846363068,1.2857142857142858
16,29,custom_first,0.15059199929237366,0.19766399264335632,1.3125796428241359
16,30,baseline_first,0.15251199901103973,0.19148799777030945,1.255560211734215
64,1,custom_first,0.18332800269126892,0.20582400262355804,1.1227090220918035
64,2,baseline_first,0.1812479943037033,0.20585599541664124,1.1357697844187131
64,3,custom_first,0.1812800019979477,0.20848000049591064,1.1500441206872387
64,4,baseline_first,0.1812800019979477,0.20579199492931366,1.1352161995874397
64,5,custom_first,0.17919999361038208,0.20790399610996246,1.1601785910885065
64,6,baseline_first,0.1812479943037033,0.20800000429153442,1.1475989298011477
64,7,custom_first,0.1812479943037033,0.20582400262355804,1.1355932705035876
64,8,baseline_first,0.18329599499702454,0.20787200331687927,1.1340782613403728
64,9,custom_first,0.1812800019979477,0.2059199959039688,1.1359222949826537
64,10,baseline_first,0.1812800019979477,0.20787200331687927,1.1466902086598203
64,11,custom_first,0.1812800019979477,0.20582400262355804,1.1353927645360917
64,12,baseline_first,0.1812800019979477,0.20582400262355804,1.1353927645360917
64,13,custom_first,0.1812479943037033,0.20582400262355804,1.1355932705035876
64,14,baseline_first,0.18329599499702454,0.20579199492931366,1.1227304499078352
64,15,custom_first,0.1812800019979477,0.2078399956226349,1.1465136437111683
64,16,baseline_first,0.18329599499702454,0.20585599541664124,1.1230796145872304
64,17,custom_first,0.17923200130462646,0.20585599541664124,1.1485448687634976
64,18,baseline_first,0.18332800269126892,0.2078399956226349,1.1337056672822923
64,19,custom_first,0.17919999361038208,0.2059839963912964,1.1494643065621324
64,20,baseline_first,0.1812479943037033,0.20790399610996246,1.1470692236273454
64,21,custom_first,0.17919999361038208,0.2096959948539734,1.1701785844362023
64,22,baseline_first,0.18332800269126892,0.20572799444198608,1.1221853258742995
64,23,custom_first,0.18329599499702454,0.20563200116157532,1.1218575788571559
64,24,baseline_first,0.18332800269126892,0.20582400262355804,1.1227090220918035
64,25,custom_first,0.18131199479103088,0.2078399956226349,1.1463113395348088
64,26,baseline_first,0.1812479943037033,0.20585599541664124,1.1357697844187131
64,27,custom_first,0.18131199479103088,0.20585599541664124,1.1353688742650383
64,28,baseline_first,0.1812800019979477,0.20582400262355804,1.1353927645360917
64,29,custom_first,0.1812479943037033,0.2078080028295517,1.1465395996677559
64,30,baseline_first,0.1812479943037033,0.20790399610996246,1.1470692236273454
