category,M,batch,custom_ms,baseline_ms,speedup
decode,1,1,0.1587359979748726,0.18327999860048294,1.1546215158422704
decode,1,2,0.15875199437141418,0.18321599811315536,1.1541020245988565
decode,1,3,0.158720001578331,0.18331199884414673,1.1549394973618317
decode,1,4,0.15875199437141418,0.18326400220394135,1.1544044087734682
decode,1,5,0.1587359979748726,0.18329599499702454,1.1547222894333
decode,1,6,0.15875199437141418,0.18329599499702454,1.1546059356469407
decode,1,7,0.1587359979748726,0.18331199884414673,1.1548231099612607
decode,4,1,0.16489599645137787,0.1895040050148964,1.1492335113834893
decode,4,2,0.16492799669504166,0.19142399728298187,1.1606519276222846
decode,4,3,0.16486400365829468,0.19150400161743164,1.1615877169545896
decode,4,4,0.16486400365829468,0.19147200137376785,1.1613936161020464
decode,4,5,0.16491200029850006,0.1899840012192726,1.152032604512654
decode,4,6,0.16486400365829468,0.19150400161743164,1.1615877169545896
decode,4,7,0.16489599645137787,0.19147200137376785,1.1611682848238607
decode,16,1,0.15059199929237366,0.19251199811697006,1.278368034301802
decode,16,2,0.1525920033454895,0.19353599846363068,1.2683233342538813
decode,16,3,0.1515040025115013,0.19254400581121445,1.270883954346999
decode,16,4,0.15057600289583206,0.19353599846363068,1.2853043960631507
decode,16,5,0.15168000012636185,0.19302400201559067,1.2725738518907297
decode,16,6,0.15059199929237366,0.19356800615787506,1.2853804124219355
decode,16,7,0.15062400698661804,0.19356800615787506,1.2851072682927118
decode,64,1,0.1812800019979477,0.20585599541664124,1.1355692472850467
decode,64,2,0.1812800019979477,0.2077919989824295,1.1462488784878873
decode,64,3,0.1812800019979477,0.20787200331687927,1.1466902086598203
decode,64,4,0.18119999766349792,0.2077919989824295,1.1467549760586362
decode,64,5,0.1812800019979477,0.20585599541664124,1.1355692472850467
decode,64,6,0.1812959983944893,0.20585599541664124,1.1354690519352273
decode,64,7,0.1812800019979477,0.2078399956226349,1.1465136437111683
prefill,512,1,0.7280800044536591,0.4419199973344803,0.6069662600693049
prefill,2048,1,2.82532799243927,1.6588159799575806,0.5871233302457844
prefill,8192,1,13.921855926513672,6.772799968719482,0.48648685954441817
