M,batch,round,direct_ms,baseline_ms
1,1,1,0.15663999319076538,0.17315199971199036
1,1,2,0.15670399367809296,0.17308799922466278
1,1,3,0.15462400019168854,0.17507199943065643
1,1,4,0.15462400019168854,0.17295999825000763
1,1,5,0.15667200088500977,0.17312000691890717
1,1,6,0.15663999319076538,0.1730560064315796
1,1,7,0.1544959992170334,0.17510400712490082
1,1,8,0.15667200088500977,0.17308799922466278
1,1,9,0.15875199437141418,0.17718400061130524
1,1,10,0.15670399367809296,0.17510400712490082
1,1,11,0.15673600137233734,0.1730560064315796
1,1,12,0.15465599298477173,0.175135999917984
1,1,13,0.15667200088500977,0.1748799979686737
1,1,14,0.15667200088500977,0.17510400712490082
1,1,15,0.662559986114502,0.2385919988155365
1,1,16,0.15667200088500977,0.1730560064315796
1,1,17,0.15436799824237823,0.17308799922466278
1,1,18,0.15673600137233734,0.1730560064315796
1,1,19,0.15465599298477173,0.17308799922466278
1,1,20,0.1566080003976822,0.17308799922466278
1,2,1,0.15875199437141418,0.1730560064315796
1,2,2,0.15667200088500977,0.1730239987373352
1,2,3,0.15670399367809296,0.175135999917984
1,2,4,0.15663999319076538,0.1730560064315796
1,2,5,0.1586879938840866,0.175135999917984
1,2,6,0.15875199437141418,0.1751679927110672
1,2,7,0.15875199437141418,0.17308799922466278
1,2,8,0.15875199437141418,0.1730560064315796
1,2,9,0.15667200088500977,0.17715199291706085
1,2,10,0.15887999534606934,0.1730239987373352
1,2,11,0.15670399367809296,0.17715199291706085
1,2,12,0.15667200088500977,0.17510400712490082
1,2,13,0.15670399367809296,0.18588800728321075
1,2,14,0.15670399367809296,0.1730560064315796
1,2,15,0.15676799416542053,0.17510400712490082
1,2,16,0.1568319946527481,0.17507199943065643
1,2,17,0.15670399367809296,0.175135999917984
1,2,18,0.15676799416542053,0.1730560064315796
1,2,19,0.15667200088500977,0.175135999917984
1,2,20,0.15663999319076538,0.17312000691890717
1,3,1,0.1566080003976822,0.17315199971199036
1,3,2,0.15676799416542053,0.17308799922466278
1,3,3,0.1586879938840866,0.17510400712490082
1,3,4,0.15670399367809296,0.1730560064315796
1,3,5,0.15670399367809296,0.175135999917984
1,3,6,0.15875199437141418,0.17363199591636658
1,3,7,0.15462400019168854,0.1730239987373352
1,3,8,0.15670399367809296,0.1730560064315796
1,3,9,0.15462400019168854,0.1730560064315796
1,3,10,0.15670399367809296,0.17507199943065643
1,3,11,0.15670399367809296,0.175135999917984
1,3,12,0.15667200088500977,0.1730560064315796
1,3,13,0.15663999319076538,0.17308799922466278
1,3,14,0.15878400206565857,0.1730560064315796
1,3,15,0.15670399367809296,0.175135999917984
1,3,16,0.15667200088500977,0.1770240068435669
1,3,17,0.15875199437141418,0.17510400712490082
1,3,18,0.15670399367809296,0.17510400712490082
1,3,19,0.15667200088500977,0.17507199943065643
1,3,20,0.15676799416542053,0.17308799922466278
1,4,1,0.15667200088500977,0.1730560064315796
1,4,2,0.15670399367809296,0.1730560064315796
1,4,3,0.15670399367809296,0.17507199943065643
1,4,4,0.15663999319076538,0.175135999917984
1,4,5,0.15465599298477173,0.17951999604701996
1,4,6,0.15667200088500977,0.17308799922466278
1,4,7,0.15673600137233734,0.17308799922466278
1,4,8,0.15465599298477173,0.1730560064315796
1,4,9,0.1547199934720993,0.17308799922466278
1,4,10,0.15875199437141418,0.175135999917984
1,4,11,0.15676799416542053,0.17308799922466278
1,4,12,0.158720001578331,0.1730560064315796
1,4,13,0.1547520011663437,0.175135999917984
1,4,14,0.15465599298477173,0.17510400712490082
1,4,15,0.15667200088500977,0.17507199943065643
1,4,16,0.15670399367809296,0.17507199943065643
1,4,17,0.15462400019168854,0.175135999917984
1,4,18,0.15654399991035461,0.17510400712490082
1,4,19,0.15667200088500977,0.17510400712490082
1,4,20,0.15667200088500977,0.17507199943065643
1,5,1,0.15667200088500977,0.17507199943065643
1,5,2,0.15667200088500977,0.17507199943065643
1,5,3,0.15670399367809296,0.17308799922466278
1,5,4,0.15673600137233734,0.1730560064315796
1,5,5,0.15875199437141418,0.17308799922466278
1,5,6,0.15670399367809296,0.17308799922466278
1,5,7,0.15670399367809296,0.17308799922466278
1,5,8,0.15875199437141418,0.17510400712490082
1,5,9,0.15667200088500977,0.17510400712490082
1,5,10,0.15673600137233734,0.17308799922466278
1,5,11,0.15670399367809296,0.1730560064315796
1,5,12,0.15465599298477173,0.17308799922466278
1,5,13,0.15465599298477173,0.17315199971199036
1,5,14,0.1568319946527481,0.1730560064315796
1,5,15,0.1566080003976822,0.17510400712490082
1,5,16,0.1586879938840866,0.17510400712490082
1,5,17,0.15663999319076538,0.1730560064315796
1,5,18,0.15465599298477173,0.17308799922466278
1,5,19,0.15670399367809296,0.17510400712490082
1,5,20,0.15689599514007568,0.17510400712490082
1,6,1,0.158720001578331,0.17510400712490082
1,6,2,0.15680000185966492,0.1730560064315796
1,6,3,0.15667200088500977,0.17308799922466278
1,6,4,0.15878400206565857,0.17308799922466278
1,6,5,0.15667200088500977,0.17510400712490082
1,6,6,0.158720001578331,0.17308799922466278
1,6,7,0.15670399367809296,0.17712000012397766
1,6,8,0.15875199437141418,0.1730560064315796
1,6,9,0.15667200088500977,0.175135999917984
1,6,10,0.158720001578331,0.1730560064315796
1,6,11,0.15667200088500977,0.17507199943065643
1,6,12,0.160863995552063,0.17497600615024567
1,6,13,0.15670399367809296,0.17510400712490082
1,6,14,0.15875199437141418,0.17308799922466278
1,6,15,0.15667200088500977,0.17289599776268005
1,6,16,0.15670399367809296,0.17507199943065643
1,6,17,0.15670399367809296,0.17308799922466278
1,6,18,0.15673600137233734,0.17308799922466278
1,6,19,0.15670399367809296,0.17507199943065643
1,6,20,0.158720001578331,0.1730239987373352
1,7,1,0.158720001578331,0.175135999917984
1,7,2,0.158720001578331,0.17308799922466278
1,7,3,0.15875199437141418,0.1730560064315796
1,7,4,0.15878400206565857,0.17510400712490082
1,7,5,0.15875199437141418,0.17308799922466278
1,7,6,0.15670399367809296,0.1730560064315796
1,7,7,0.15663999319076538,0.1730239987373352
1,7,8,0.1586879938840866,0.17510400712490082
1,7,9,0.15670399367809296,0.17507199943065643
1,7,10,0.15881599485874176,0.1730560064315796
1,7,11,0.15651200711727142,0.1730560064315796
1,7,12,0.15670399367809296,0.175135999917984
1,7,13,0.15670399367809296,0.17510400712490082
1,7,14,0.15670399367809296,0.17312000691890717
1,7,15,0.15881599485874176,0.17308799922466278
1,7,16,0.15884800255298615,0.17308799922466278
1,7,17,0.1568319946527481,0.175135999917984
1,7,18,0.15670399367809296,0.17308799922466278
1,7,19,0.15875199437141418,0.17510400712490082
1,7,20,0.15875199437141418,0.175135999917984
4,1,1,0.15670399367809296,0.18326400220394135
4,1,2,0.15689599514007568,0.1812479943037033
4,1,3,0.15667200088500977,0.18329599499702454
4,1,4,0.15673600137233734,0.1812800019979477
4,1,5,0.15462400019168854,0.1812800019979477
4,1,6,0.15459200739860535,0.1812800019979477
4,1,7,0.15651200711727142,0.18534399569034576
4,1,8,0.15680000185966492,0.18534399569034576
4,1,9,0.1566080003976822,0.18537600338459015
4,1,10,0.1586879938840866,0.1812800019979477
4,1,11,0.15670399367809296,0.18537600338459015
4,1,12,0.15875199437141418,0.1812800019979477
4,1,13,0.15663999319076538,0.18121600151062012
4,1,14,0.15465599298477173,0.18534399569034576
4,1,15,0.15875199437141418,0.18534399569034576
4,1,16,0.15670399367809296,0.1812479943037033
4,1,17,0.1566080003976822,0.18537600338459015
4,1,18,0.15465599298477173,0.1812800019979477
4,1,19,0.15670399367809296,0.185248002409935
4,1,20,0.15875199437141418,0.1812800019979477
4,2,1,0.15670399367809296,0.18329599499702454
4,2,2,0.15875199437141418,0.18332800269126892
4,2,3,0.1586879938840866,0.18544000387191772
4,2,4,0.15670399367809296,0.18326400220394135
4,2,5,0.15465599298477173,0.18332800269126892
4,2,6,0.15667200088500977,0.1812479943037033
4,2,7,0.15670399367809296,0.18537600338459015
4,2,8,0.15875199437141418,0.18115200102329254
4,2,9,0.15673600137233734,0.18329599499702454
4,2,10,0.15465599298477173,0.18332800269126892
4,2,11,0.15667200088500977,0.1831360012292862
4,2,12,0.15462400019168854,0.18329599499702454
4,2,13,0.15670399367809296,0.18540799617767334
4,2,14,0.1547199934720993,0.18332800269126892
4,2,15,0.15465599298477173,0.18531200289726257
4,2,16,0.158720001578331,0.1812479943037033
4,2,17,0.15673600137233734,0.18329599499702454
4,2,18,0.15676799416542053,0.18121600151062012
4,2,19,0.15670399367809296,0.18332800269126892
4,2,20,0.15462400019168854,0.18534399569034576
4,3,1,0.15887999534606934,0.1812479943037033
4,3,2,0.15651200711727142,0.18329599499702454
4,3,3,0.15670399367809296,0.1831039935350418
4,3,4,0.15667200088500977,0.1833920031785965
4,3,5,0.15670399367809296,0.18329599499702454
4,3,6,0.1586879938840866,0.18121600151062012
4,3,7,0.15654399991035461,0.1831039935350418
4,3,8,0.15875199437141418,0.18329599499702454
4,3,9,0.15667200088500977,0.18329599499702454
4,3,10,0.15663999319076538,0.1855040043592453
4,3,11,0.15667200088500977,0.18329599499702454
4,3,12,0.15862399339675903,0.1812479943037033
4,3,13,0.15667200088500977,0.18544000387191772
4,3,14,0.15875199437141418,0.1812479943037033
4,3,15,0.158720001578331,0.18332800269126892
4,3,16,0.1586879938840866,0.18323199450969696
4,3,17,0.15670399367809296,0.18332800269126892
4,3,18,0.158720001578331,0.18518400192260742
4,3,19,0.15663999319076538,0.1852799952030182
4,3,20,0.15465599298477173,0.18121600151062012
4,4,1,0.15670399367809296,0.18534399569034576
4,4,2,0.15670399367809296,0.18134400248527527
4,4,3,0.15663999319076538,0.18329599499702454
4,4,4,0.15667200088500977,0.1812479943037033
4,4,5,0.15651200711727142,0.18332800269126892
4,4,6,0.15670399367809296,0.1812479943037033
4,4,7,0.1546880006790161,0.18329599499702454
4,4,8,0.15670399367809296,0.1812479943037033
4,4,9,0.15667200088500977,0.18534399569034576
4,4,10,0.1586879938840866,0.18131199479103088
4,4,11,0.15465599298477173,0.18537600338459015
4,4,12,0.15663999319076538,0.18326400220394135
4,4,13,0.1592639982700348,0.18956799805164337
4,4,14,0.1566080003976822,0.2274560034275055
4,4,15,0.15670399367809296,0.18332800269126892
4,4,16,0.15663999319076538,0.18512000143527985
4,4,17,0.15667200088500977,0.18329599499702454
4,4,18,0.15875199437141418,0.18131199479103088
4,4,19,0.15670399367809296,0.1812479943037033
4,4,20,0.15667200088500977,0.18326400220394135
4,5,1,0.15875199437141418,0.18320000171661377
4,5,2,0.15670399367809296,0.18547199666500092
4,5,3,0.15670399367809296,0.18329599499702454
4,5,4,0.1568640023469925,0.1812800019979477
4,5,5,0.15670399367809296,0.18534399569034576
4,5,6,0.15667200088500977,0.1812479943037033
4,5,7,0.15673600137233734,0.18534399569034576
4,5,8,0.15670399367809296,0.1812479943037033
4,5,9,0.15663999319076538,0.1812479943037033
4,5,10,0.158720001578331,0.18329599499702454
4,5,11,0.15465599298477173,0.18323199450969696
4,5,12,0.15875199437141418,0.1833599954843521
4,5,13,0.15673600137233734,0.18547199666500092
4,5,14,0.1586879938840866,0.1812800019979477
4,5,15,0.15465599298477173,0.18332800269126892
4,5,16,0.15667200088500977,0.18332800269126892
4,5,17,0.1568319946527481,0.18537600338459015
4,5,18,0.15459200739860535,0.18332800269126892
4,5,19,0.15459200739860535,0.18329599499702454
4,5,20,0.15667200088500977,0.1812800019979477
4,6,1,0.15875199437141418,0.18537600338459015
4,6,2,0.15670399367809296,0.18329599499702454
4,6,3,0.15462400019168854,0.18534399569034576
4,6,4,0.15465599298477173,0.18140800297260284
4,6,5,0.15462400019168854,0.18332800269126892
4,6,6,0.15670399367809296,0.18329599499702454
4,6,7,0.1566080003976822,0.18131199479103088
4,6,8,0.15663999319076538,0.1831039935350418
4,6,9,0.15465599298477173,0.1852799952030182
4,6,10,0.15670399367809296,0.18227200210094452
4,6,11,0.15670399367809296,0.18537600338459015
4,6,12,0.15875199437141418,0.18329599499702454
4,6,13,0.19225600361824036,0.27961599826812744
4,6,14,0.15667200088500977,0.1812800019979477
4,6,15,0.15462400019168854,0.18329599499702454
4,6,16,0.15670399367809296,0.1812479943037033
4,6,17,0.15670399367809296,0.18425600230693817
4,6,18,0.1586879938840866,0.18332800269126892
4,6,19,0.15459200739860535,0.18332800269126892
4,6,20,0.15676799416542053,0.18121600151062012
4,7,1,0.15670399367809296,0.18329599499702454
4,7,2,0.15667200088500977,0.18329599499702454
4,7,3,0.15670399367809296,0.18332800269126892
4,7,4,0.1568640023469925,0.18316799402236938
4,7,5,0.15462400019168854,0.1812800019979477
4,7,6,0.15465599298477173,0.18121600151062012
4,7,7,0.15670399367809296,0.18534399569034576
4,7,8,0.15670399367809296,0.18118399381637573
4,7,9,0.16944000124931335,0.18329599499702454
4,7,10,0.15667200088500977,0.1812800019979477
4,7,11,0.15670399367809296,0.1812800019979477
4,7,12,0.15673600137233734,0.1812800019979477
4,7,13,0.1566080003976822,0.1833599954843521
4,7,14,0.15462400019168854,0.18534399569034576
4,7,15,0.15670399367809296,0.18531200289726257
4,7,16,0.15673600137233734,0.18134400248527527
4,7,17,0.15670399367809296,0.18534399569034576
4,7,18,0.15875199437141418,0.1812479943037033
4,7,19,0.15411199629306793,0.18323199450969696
4,7,20,0.15647999942302704,0.18332800269126892
16,1,1,0.14032000303268433,0.18540799617767334
16,1,2,0.14236800372600555,0.18537600338459015
16,1,3,0.14032000303268433,0.18537600338459015
16,1,4,0.1406719982624054,0.1852159947156906
16,1,5,0.14032000303268433,0.18534399569034576
16,1,6,0.14032000303268433,0.187391996383667
16,1,7,0.14032000303268433,0.1863040030002594
16,1,8,0.14233599603176117,0.18531200289726257
16,1,9,0.14236800372600555,0.18329599499702454
16,1,10,0.14032000303268433,0.18531200289726257
16,1,11,0.1422719955444336,0.18435199558734894
16,1,12,0.1422400027513504,0.18742400407791138
16,1,13,0.14032000303268433,0.18534399569034576
16,1,14,0.14032000303268433,0.18534399569034576
16,1,15,0.14019200205802917,0.18556800484657288
16,1,16,0.14032000303268433,0.18332800269126892
16,1,17,0.1403840035200119,0.18534399569034576
16,1,18,0.14032000303268433,0.18534399569034576
16,1,19,0.14032000303268433,0.185248002409935
16,1,20,0.14028799533843994,0.18540799617767334
16,2,1,0.14032000303268433,0.18534399569034576
16,2,2,0.14236800372600555,0.18534399569034576
16,2,3,0.14032000303268433,0.18537600338459015
16,2,4,0.14028799533843994,0.18537600338459015
16,2,5,0.14035199582576752,0.18537600338459015
16,2,6,0.14032000303268433,0.18329599499702454
16,2,7,0.14028799533843994,0.1834239959716797
16,2,8,0.14032000303268433,0.18537600338459015
16,2,9,0.14028799533843994,0.1852159947156906
16,2,10,0.14022399485111237,0.18537600338459015
16,2,11,0.14028799533843994,0.18537600338459015
16,2,12,0.14032000303268433,0.1833920031785965
16,2,13,0.14032000303268433,0.18332800269126892
16,2,14,0.14032000303268433,0.1833920031785965
16,2,15,0.1425279974937439,0.18537600338459015
16,2,16,0.14243200421333313,0.18537600338459015
16,2,17,0.14028799533843994,0.18531200289726257
16,2,18,0.14032000303268433,0.18537600338459015
16,2,19,0.14028799533843994,0.18534399569034576
16,2,20,0.14035199582576752,0.18537600338459015
16,3,1,0.14239999651908875,0.1852799952030182
16,3,2,0.14032000303268433,0.18531200289726257
16,3,3,0.1401280015707016,0.18537600338459015
16,3,4,0.14025600254535675,0.18534399569034576
16,3,5,0.14032000303268433,0.18537600338459015
16,3,6,0.1382720023393631,0.18537600338459015
16,3,7,0.14028799533843994,0.18742400407791138
16,3,8,0.14032000303268433,0.18460799753665924
16,3,9,0.14102399349212646,0.18534399569034576
16,3,10,0.14236800372600555,0.18329599499702454
16,3,11,0.14032000303268433,0.18323199450969696
16,3,12,0.14032000303268433,0.18531200289726257
16,3,13,0.14032000303268433,0.18332800269126892
16,3,14,0.1404159963130951,0.18540799617767334
16,3,15,0.14028799533843994,0.1852159947156906
16,3,16,0.14025600254535675,0.18332800269126892
16,3,17,0.14032000303268433,0.18534399569034576
16,3,18,0.14032000303268433,0.18540799617767334
16,3,19,0.14032000303268433,0.18537600338459015
16,3,20,0.14028799533843994,0.18531200289726257
16,4,1,0.14032000303268433,0.18534399569034576
16,4,2,0.14236800372600555,0.18531200289726257
16,4,3,0.14032000303268433,0.18544000387191772
16,4,4,0.14032000303268433,0.1876160055398941
16,4,5,0.14051200449466705,0.18323199450969696
16,4,6,0.14032000303268433,0.1855040043592453
16,4,7,0.14028799533843994,0.18518400192260742
16,4,8,0.14032000303268433,0.18518400192260742
16,4,9,0.14035199582576752,0.18332800269126892
16,4,10,0.14032000303268433,0.18547199666500092
16,4,11,0.14032000303268433,0.18332800269126892
16,4,12,0.14032000303268433,0.18332800269126892
16,4,13,0.14032000303268433,0.18595199286937714
16,4,14,0.14032000303268433,0.18534399569034576
16,4,15,0.14032000303268433,0.18540799617767334
16,4,16,0.14028799533843994,0.18332800269126892
16,4,17,0.14035199582576752,0.18531200289726257
16,4,18,0.14233599603176117,0.18534399569034576
16,4,19,0.14035199582576752,0.18537600338459015
16,4,20,0.14057600498199463,0.18537600338459015
16,5,1,0.14028799533843994,0.18329599499702454
16,5,2,0.14032000303268433,0.18512000143527985
16,5,3,0.14032000303268433,0.18537600338459015
16,5,4,0.14236800372600555,0.18329599499702454
16,5,5,0.13820800185203552,0.18534399569034576
16,5,6,0.14035199582576752,0.18540799617767334
16,5,7,0.14025600254535675,0.18547199666500092
16,5,8,0.14032000303268433,0.18537600338459015
16,5,9,0.14032000303268433,0.18534399569034576
16,5,10,0.14032000303268433,0.18534399569034576
16,5,11,0.1401599943637848,0.18540799617767334
16,5,12,0.14035199582576752,0.18332800269126892
16,5,13,0.14035199582576752,0.18534399569034576
16,5,14,0.14028799533843994,0.18537600338459015
16,5,15,0.14032000303268433,0.1844480037689209
16,5,16,0.14032000303268433,0.18540799617767334
16,5,17,0.14032000303268433,0.18540799617767334
16,5,18,0.14044800400733948,0.18534399569034576
16,5,19,0.14032000303268433,0.1852799952030182
16,5,20,0.14022399485111237,0.18537600338459015
16,6,1,0.14028799533843994,0.18537600338459015
16,6,2,0.14032000303268433,0.18534399569034576
16,6,3,0.14032000303268433,0.18537600338459015
16,6,4,0.14115199446678162,0.18534399569034576
16,6,5,0.14032000303268433,0.18329599499702454
16,6,6,0.14028799533843994,0.18332800269126892
16,6,7,0.14028799533843994,0.18534399569034576
16,6,8,0.1382720023393631,0.18537600338459015
16,6,9,0.14032000303268433,0.1855359971523285
16,6,10,0.14032000303268433,0.18534399569034576
16,6,11,0.14032000303268433,0.18537600338459015
16,6,12,0.14233599603176117,0.18534399569034576
16,6,13,0.14032000303268433,0.18332800269126892
16,6,14,0.14025600254535675,0.18537600338459015
16,6,15,0.14035199582576752,0.18534399569034576
16,6,16,0.1382720023393631,0.18537600338459015
16,6,17,0.1404159963130951,0.18531200289726257
16,6,18,0.14032000303268433,0.18742400407791138
16,6,19,0.14236800372600555,0.187391996383667
16,6,20,0.14028799533843994,0.18537600338459015
16,7,1,0.14032000303268433,0.18534399569034576
16,7,2,0.14239999651908875,0.18742400407791138
16,7,3,0.14032000303268433,0.18537600338459015
16,7,4,0.14233599603176117,0.18544000387191772
16,7,5,0.14032000303268433,0.18332800269126892
16,7,6,0.14022399485111237,0.18534399569034576
16,7,7,0.14035199582576752,0.1833599954843521
16,7,8,0.14032000303268433,0.18332800269126892
16,7,9,0.14032000303268433,0.1833599954843521
16,7,10,0.14134399592876434,0.18537600338459015
16,7,11,0.14035199582576752,0.18540799617767334
16,7,12,0.14032000303268433,0.18534399569034576
16,7,13,0.14236800372600555,0.18537600338459015
16,7,14,0.14032000303268433,0.18326400220394135
16,7,15,0.14035199582576752,0.18732799589633942
16,7,16,0.14035199582576752,0.1833920031785965
16,7,17,0.14236800372600555,0.18332800269126892
16,7,18,0.14035199582576752,0.18300800025463104
16,7,19,0.14032000303268433,0.18534399569034576
16,7,20,0.14032000303268433,0.18537600338459015
64,1,1,0.14851200580596924,0.20374399423599243
64,1,2,0.14643199741840363,0.2059520035982132
64,1,3,0.1486400067806244,0.20380799472332
64,1,4,0.146464005112648,0.2038400024175644
64,1,5,0.14847999811172485,0.20380799472332
64,1,6,0.14643199741840363,0.20582400262355804
64,1,7,0.14643199741840363,0.20380799472332
64,1,8,0.15052799880504608,0.20585599541664124
64,1,9,0.1525759994983673,0.20374399423599243
64,1,10,0.14851200580596924,0.20588800311088562
64,1,11,0.146464005112648,0.20380799472332
64,1,12,0.14643199741840363,0.20582400262355804
64,1,13,0.1486400067806244,0.20579199492931366
64,1,14,0.15263999998569489,0.20572799444198608
64,1,15,0.1483200043439865,0.20585599541664124
64,1,16,0.14643199741840363,0.20380799472332
64,1,17,0.14854399859905243,0.20374399423599243
64,1,18,0.14643199741840363,0.20579199492931366
64,1,19,0.14851200580596924,0.20390400290489197
64,1,20,0.14633600413799286,0.20585599541664124
64,2,1,0.15052799880504608,0.20585599541664124
64,2,2,0.14851200580596924,0.20380799472332
64,2,3,0.146464005112648,0.2056960016489029
64,2,4,0.14640000462532043,0.20377600193023682
64,2,5,0.14643199741840363,0.20374399423599243
64,2,6,0.146464005112648,0.20787200331687927
64,2,7,0.1483840048313141,0.20579199492931366
64,2,8,0.15052799880504608,0.20559999346733093
64,2,9,0.15056000649929047,0.20582400262355804
64,2,10,0.1486400067806244,0.2038400024175644
64,2,11,0.14851200580596924,0.20563200116157532
64,2,12,0.14851200580596924,0.20585599541664124
64,2,13,0.14851200580596924,0.20585599541664124
64,2,14,0.14643199741840363,0.20588800311088562
64,2,15,0.14636799693107605,0.20380799472332
64,2,16,0.146464005112648,0.20572799444198608
64,2,17,0.14854399859905243,0.2056639939546585
64,2,18,0.14665600657463074,0.20377600193023682
64,2,19,0.14643199741840363,0.20380799472332
64,2,20,0.146464005112648,0.20377600193023682
64,3,1,0.146464005112648,0.20374399423599243
64,3,2,0.14847999811172485,0.20582400262355804
64,3,3,0.14847999811172485,0.20588800311088562
64,3,4,0.14851200580596924,0.20563200116157532
64,3,5,0.14851200580596924,0.20377600193023682
64,3,6,0.15056000649929047,0.20380799472332
64,3,7,0.14851200580596924,0.20377600193023682
64,3,8,0.146464005112648,0.20585599541664124
64,3,9,0.146464005112648,0.20377600193023682
64,3,10,0.14851200580596924,0.2056960016489029
64,3,11,0.14847999811172485,0.2038400024175644
64,3,12,0.14847999811172485,0.20380799472332
64,3,13,0.1483840048313141,0.20563200116157532
64,3,14,0.15056000649929047,0.20377600193023682
64,3,15,0.14851200580596924,0.20380799472332
64,3,16,0.146464005112648,0.20380799472332
64,3,17,0.14851200580596924,0.20377600193023682
64,3,18,0.14851200580596924,0.20582400262355804
64,3,19,0.15971200168132782,0.20364800095558167
64,3,20,0.14854399859905243,0.20390400290489197
64,4,1,0.14851200580596924,0.20374399423599243
64,4,2,0.15056000649929047,0.20377600193023682
64,4,3,0.15056000649929047,0.43830400705337524
64,4,4,0.1483840048313141,0.20348800718784332
64,4,5,0.15056000649929047,0.20588800311088562
64,4,6,0.14857600629329681,0.20377600193023682
64,4,7,0.14851200580596924,0.20582400262355804
64,4,8,0.14643199741840363,0.20585599541664124
64,4,9,0.14847999811172485,0.20585599541664124
64,4,10,0.1464959979057312,0.20582400262355804
64,4,11,0.14841599762439728,0.20582400262355804
64,4,12,0.14857600629329681,0.20374399423599243
64,4,13,0.14851200580596924,0.20380799472332
64,4,14,0.15033599734306335,0.20377600193023682
64,4,15,0.14847999811172485,0.20377600193023682
64,4,16,0.15056000649929047,0.20585599541664124
64,4,17,0.14841599762439728,0.20585599541664124
64,4,18,0.14841599762439728,0.20582400262355804
64,4,19,0.14851200580596924,0.20377600193023682
64,4,20,0.14851200580596924,0.20377600193023682
64,5,1,0.14847999811172485,0.20790399610996246
64,5,2,0.14851200580596924,0.2038400024175644
64,5,3,0.15059199929237366,0.20585599541664124
64,5,4,0.15056000649929047,0.20380799472332
64,5,5,0.15056000649929047,0.20371200144290924
64,5,6,0.14851200580596924,0.20585599541664124
64,5,7,0.14665600657463074,0.20582400262355804
64,5,8,0.14847999811172485,0.20364800095558167
64,5,9,0.14851200580596924,0.20790399610996246
64,5,10,0.14851200580596924,0.20380799472332
64,5,11,0.14847999811172485,0.20380799472332
64,5,12,0.15056000649929047,0.20377600193023682
64,5,13,0.15056000649929047,0.20287999510765076
64,5,14,0.14851200580596924,0.20377600193023682
64,5,15,0.14851200580596924,0.20374399423599243
64,5,16,0.14847999811172485,0.20387199521064758
64,5,17,0.15056000649929047,0.20579199492931366
64,5,18,0.14847999811172485,0.2038400024175644
64,5,19,0.146464005112648,0.2043199986219406
64,5,20,0.15056000649929047,0.20585599541664124
64,6,1,0.146464005112648,0.20377600193023682
64,6,2,0.146464005112648,0.20585599541664124
64,6,3,0.1464959979057312,0.20380799472332
64,6,4,0.14847999811172485,0.20582400262355804
64,6,5,0.14851200580596924,0.2038400024175644
64,6,6,0.14860799908638,0.20393599569797516
64,6,7,0.146464005112648,0.20374399423599243
64,6,8,0.14851200580596924,0.20582400262355804
64,6,9,0.14851200580596924,0.20371200144290924
64,6,10,0.14636799693107605,0.20585599541664124
64,6,11,0.14870400726795197,0.20640000700950623
64,6,12,0.14847999811172485,0.20582400262355804
64,6,13,0.14847999811172485,0.20377600193023682
64,6,14,0.150751993060112,0.20377600193023682
64,6,15,0.14851200580596924,0.20585599541664124
64,6,16,0.15059199929237366,0.20585599541664124
64,6,17,0.14847999811172485,0.20374399423599243
64,6,18,0.15059199929237366,0.20582400262355804
64,6,19,0.1504960060119629,0.20371200144290924
64,6,20,0.146464005112648,0.20380799472332
64,7,1,0.15267199277877808,0.20377600193023682
64,7,2,0.14851200580596924,0.20377600193023682
64,7,3,0.14851200580596924,0.20380799472332
64,7,4,0.15052799880504608,0.20582400262355804
64,7,5,0.14857600629329681,0.20582400262355804
64,7,6,0.15056000649929047,0.20582400262355804
64,7,7,0.14847999811172485,0.20367999374866486
64,7,8,0.1464959979057312,0.20380799472332
64,7,9,0.15753600001335144,0.20377600193023682
64,7,10,0.15056000649929047,0.20585599541664124
64,7,11,0.15267199277877808,0.20793600380420685
64,7,12,0.15056000649929047,0.20377600193023682
64,7,13,0.15052799880504608,0.20380799472332
64,7,14,0.146464005112648,0.20377600193023682
64,7,15,0.14851200580596924,0.20380799472332
64,7,16,0.14851200580596924,0.2038400024175644
64,7,17,0.146464005112648,0.2038400024175644
64,7,18,0.14847999811172485,0.20374399423599243
64,7,19,0.14640000462532043,0.20585599541664124
64,7,20,0.14851200580596924,0.20396800339221954
