M,round,direct_ms,baseline_ms
512,1,0.6154239773750305,0.4843519926071167
512,2,0.6134719848632812,0.48422399163246155
512,3,0.6153600215911865,0.4864000082015991
512,4,0.6134080290794373,0.48844799399375916
512,5,0.6174719929695129,0.48655998706817627
512,6,0.6370559930801392,0.4864319860935211
512,7,0.6153600215911865,0.48844799399375916
512,8,0.6175040006637573,0.4843519926071167
512,9,0.6113600134849548,0.4864319860935211
512,10,0.6154559850692749,0.48495998978614807
512,11,0.6054400205612183,0.48844799399375916
512,12,0.6134080290794373,0.4864000082015991
512,13,0.6134080290794373,0.4903680086135864
512,14,0.6154239773750305,0.48844799399375916
512,15,0.6113280057907104,0.4864319860935211
512,16,0.609279990196228,0.4904640018939972
512,17,0.6133760213851929,0.4864000082015991
512,18,0.6155200004577637,0.4864000082015991
512,19,0.6176000237464905,0.4864000082015991
512,20,0.6153920292854309,0.4862079918384552
2048,1,2.239487886428833,1.829856038093567
2048,2,2.2231040000915527,1.8339519500732422
2048,3,2.2180159091949463,1.8318719863891602
2048,4,2.38700795173645,1.8688640594482422
2048,5,2.37772798538208,1.8912639617919922
2048,6,2.321376085281372,1.8954240083694458
2048,7,2.3193280696868896,1.866752028465271
2048,8,2.3193600177764893,1.8769919872283936
2048,9,2.319391965866089,1.864192008972168
2048,10,2.3162879943847656,1.8788800239562988
2048,11,2.3081281185150146,1.8688000440597534
2048,12,2.3294079303741455,1.8708479404449463
2048,13,2.3040640354156494,1.8689600229263306
2048,14,2.31548810005188,1.870911955833435
2048,15,2.313215970993042,1.8973759412765503
2048,16,2.4320640563964844,1.9425280094146729
2048,17,2.4145920276641846,1.9118080139160156
2048,18,2.4403839111328125,1.950719952583313
2048,19,2.4155519008636475,1.9076800346374512
2048,20,2.421760082244873,1.938431978225708
8192,1,11.841631889343262,7.5845441818237305
8192,2,12.110912322998047,7.605247974395752
8192,3,11.694975852966309,7.510015964508057
8192,4,11.224096298217773,7.494656085968018
8192,5,11.189151763916016,7.48748779296875
8192,6,11.217984199523926,7.500800132751465
8192,7,11.277376174926758,7.672832012176514
8192,8,12.210240364074707,7.654399871826172
8192,9,12.259296417236328,7.607232093811035
8192,10,11.857919692993164,7.566271781921387
8192,11,11.983903884887695,7.618847846984863
8192,12,12.020832061767578,7.585792064666748
8192,13,11.788352012634277,7.6011199951171875
8192,14,12.06054401397705,7.582719802856445
8192,15,11.939840316772461,7.590879917144775
8192,16,11.987936019897461,7.58076810836792
8192,17,11.889663696289062,7.592991828918457
8192,18,11.749407768249512,7.5755839347839355
8192,19,11.943967819213867,7.613440036773682
8192,20,12.005375862121582,7.584735870361328
