category,M,batch,round,order,custom_ms,baseline_ms,speedup
decode,1,1,1,custom_first,0.15875199437141418,0.18534399569034576,1.1675065653456753
decode,1,1,2,baseline_first,0.15670399367809296,0.1791680008172989,1.1433531246520259
decode,1,1,3,custom_first,0.15862399339675903,0.18326400220394135,1.1553359506310712
decode,1,1,4,baseline_first,0.1586879938840866,0.18505600094795227,1.1661625836868674
decode,1,1,5,custom_first,0.158720001578331,0.18531200289726257,1.1675403292244044
decode,1,1,6,baseline_first,0.15891200304031372,0.18531200289726257,1.1661296777578944
decode,1,1,7,custom_first,0.15875199437141418,0.18742400407791138,1.1806088157822856
decode,1,1,8,baseline_first,0.15904000401496887,0.18326400220394135,1.1523138680673857
decode,1,1,9,custom_first,0.15852800011634827,0.18316799402236938,1.1554299170363413
decode,1,1,10,baseline_first,0.16076800227165222,0.18121600151062012,1.1271894839149434
decode,1,1,11,custom_first,0.1586879938840866,0.1812800019979477,1.1423674694026529
decode,1,1,12,baseline_first,0.16076800227165222,0.18326400220394135,1.1399283415506853
decode,1,1,13,custom_first,0.15865600109100342,0.1812800019979477,1.1425978264381402
decode,1,1,14,baseline_first,0.15875199437141418,0.1812479943037033,1.141705305948206
decode,1,1,15,custom_first,0.15884800255298615,0.18332800269126892,1.1541095874348002
decode,1,1,16,baseline_first,0.15881599485874176,0.18329599499702454,1.1541406466021034
decode,1,1,17,custom_first,0.15859200060367584,0.18751999735832214,1.1824051442981534
decode,1,1,18,baseline_first,0.158720001578331,0.1812479943037033,1.1419354366264567
decode,1,1,19,custom_first,0.158720001578331,0.187391996383667,1.1806451267654876
decode,1,1,20,baseline_first,0.16076800227165222,0.18534399569034576,1.1528661989415474
decode,1,2,1,custom_first,0.15875199437141418,0.18227200210094452,1.1481556677297748
decode,1,2,2,baseline_first,0.15667200088500977,0.18329599499702454,1.169934601981343
decode,1,2,3,custom_first,0.15676799416542053,0.18111999332904816,1.1553378244919785
decode,1,2,4,baseline_first,0.1586879938840866,0.18329599499702454,1.155071600003418
decode,1,2,5,custom_first,0.158720001578331,0.18332800269126892,1.155040328050863
decode,1,2,6,baseline_first,0.15878400206565857,0.1812479943037033,1.141475160884002
decode,1,2,7,custom_first,0.158720001578331,0.1812800019979477,1.1421370980045193
decode,1,2,8,baseline_first,0.15875199437141418,0.18323199450969696,1.1542027880355927
decode,1,2,9,custom_first,0.158720001578331,0.18534399569034576,1.167741896719144
decode,1,2,10,baseline_first,0.15667200088500977,0.18329599499702454,1.169934601981343
decode,1,2,11,custom_first,0.15878400206565857,0.18137599527835846,1.1422812935736304
decode,1,2,12,baseline_first,0.15670399367809296,0.18303999304771423,1.1680620815811602
decode,1,2,13,custom_first,0.16076800227165222,0.1831360012292862,1.1391321571554918
decode,1,2,14,baseline_first,0.15881599485874176,0.1812800019979477,1.1414467551532606
decode,1,2,15,custom_first,0.15875199437141418,0.18534399569034576,1.1675065653456753
decode,1,2,16,baseline_first,0.15875199437141418,0.18329599499702454,1.1546059356469407
decode,1,2,17,custom_first,0.15875199437141418,0.18320000171661377,1.1540012611621202
decode,1,2,18,baseline_first,0.16076800227165222,0.18326400220394135,1.1399283415506853
decode,1,2,19,custom_first,0.15875199437141418,0.1812800019979477,1.1419069266860815
decode,1,2,20,baseline_first,0.16076800227165222,0.18326400220394135,1.1399283415506853
decode,1,3,1,custom_first,0.15875199437141418,0.18649600446224213,1.1747632223499405
decode,1,3,2,baseline_first,0.158720001578331,0.18326400220394135,1.1546370991780608
decode,1,3,3,custom_first,0.15887999534606934,0.1812800019979477,1.1409869543556261
decode,1,3,4,baseline_first,0.158720001578331,0.1812479943037033,1.1419354366264567
decode,1,3,5,custom_first,0.15865600109100342,0.18547199666500092,1.1690197369755722
decode,1,3,6,baseline_first,0.158720001578331,0.18329599499702454,1.1548386666728003
decode,1,3,7,custom_first,0.160863995552063,0.18329599499702454,1.1394469866795116
decode,1,3,8,baseline_first,0.15891200304031372,0.18508799374103546,1.1647200349874216
decode,1,3,9,custom_first,0.158720001578331,0.18332800269126892,1.155040328050863
decode,1,3,10,baseline_first,0.15680000185966492,0.1812800019979477,1.1561224480098682
decode,1,3,11,custom_first,0.158720001578331,0.18531200289726257,1.1675403292244044
decode,1,3,12,baseline_first,0.15865600109100342,0.18537600338459015,1.1684146966382976
decode,1,3,13,custom_first,0.15881599485874176,0.185248002409935,1.1664316467286755
decode,1,3,14,baseline_first,0.15852800011634827,0.18329599499702454,1.1562373515246411
decode,1,3,15,custom_first,0.16076800227165222,0.18332800269126892,1.1403264337482824
decode,1,3,16,baseline_first,0.15878400206565857,0.18329599499702454,1.1543731900725744
decode,1,3,17,custom_first,0.158720001578331,0.1894720047712326,1.193750018189894
decode,1,3,18,baseline_first,0.15875199437141418,0.1812479943037033,1.141705305948206
decode,1,3,19,custom_first,0.15875199437141418,0.18329599499702454,1.1546059356469407
decode,1,3,20,baseline_first,0.158720001578331,0.18534399569034576,1.167741896719144
decode,1,4,1,custom_first,0.15862399339675903,0.19465599954128265,1.2271535684667727
decode,1,4,2,baseline_first,0.1607999950647354,0.1810240000486374,1.1257711791331841
decode,1,4,3,custom_first,0.15881599485874176,0.1812479943037033,1.141245215665548
decode,1,4,4,baseline_first,0.158720001578331,0.18540799617767334,1.1681451255919462
decode,1,4,5,custom_first,0.16284799575805664,0.18329599499702454,1.1255649425943657
decode,1,4,6,baseline_first,0.16076800227165222,0.18329599499702454,1.1401273413058055
decode,1,4,7,custom_first,0.158720001578331,0.18326400220394135,1.1546370991780608
decode,1,4,8,baseline_first,0.16076800227165222,0.18531200289726257,1.1526671991864275
decode,1,4,9,custom_first,0.15875199437141418,0.18719999492168427,1.1791977522103658
decode,1,4,10,baseline_first,0.1607999950647354,0.18326400220394135,1.1397015412230722
decode,1,4,11,custom_first,0.1626559942960739,0.1831360012292862,1.125909942771206
decode,1,4,12,baseline_first,0.158720001578331,0.1812479943037033,1.1419354366264567
decode,1,4,13,custom_first,0.158720001578331,0.18329599499702454,1.1548386666728003
decode,1,4,14,baseline_first,0.158720001578331,0.1812479943037033,1.1419354366264567
decode,1,4,15,custom_first,0.15865600109100342,0.18316799402236938,1.1544977357478343
decode,1,4,16,baseline_first,0.15955199301242828,0.1831360012292862,1.147813936833875
decode,1,4,17,custom_first,0.15875199437141418,0.18531200289726257,1.1673050384722028
decode,1,4,18,baseline_first,0.15881599485874176,0.1812800019979477,1.1414467551532606
decode,1,4,19,custom_first,0.158720001578331,0.187391996383667,1.1806451267654876
decode,1,4,20,baseline_first,0.15852800011634827,0.18326400220394135,1.1560355399010813
decode,1,5,1,custom_first,0.16067199409008026,0.18326400220394135,1.1406094960220319
decode,1,5,2,baseline_first,0.15667200088500977,0.18326400220394135,1.1697303996165143
decode,1,5,3,custom_first,0.15865600109100342,0.18329599499702454,1.155304518811664
decode,1,5,4,baseline_first,0.1607999950647354,0.18531200289726257,1.1524378643336342
decode,1,5,5,custom_first,0.1607999950647354,0.1812479943037033,1.1271641782746067
decode,1,5,6,baseline_first,0.15865600109100342,0.18329599499702454,1.155304518811664
decode,1,5,7,custom_first,0.15670399367809296,0.18121600151062012,1.1564223556604474
decode,1,5,8,baseline_first,0.158720001578331,0.18329599499702454,1.1548386666728003
decode,1,5,9,custom_first,0.15875199437141418,0.18332800269126892,1.1548075563848164
decode,1,5,10,baseline_first,0.16076800227165222,0.1812479943037033,1.1273884836700634
decode,1,5,11,custom_first,0.158720001578331,0.18531200289726257,1.1675403292244044
decode,1,5,12,baseline_first,0.1607999950647354,0.18329599499702454,1.1399005013851686
decode,1,5,13,custom_first,0.158720001578331,0.1812479943037033,1.1419354366264567
decode,1,5,14,baseline_first,0.15673600137233734,0.18118399381637573,1.1559819839091114
decode,1,5,15,custom_first,0.1597760021686554,0.18534399569034576,1.1600239909288848
decode,1,5,16,baseline_first,0.15875199437141418,0.185248002409935,1.1669018908608548
decode,1,5,17,custom_first,0.15667200088500977,0.18329599499702454,1.169934601981343
decode,1,5,18,baseline_first,0.16073599457740784,0.18105599284172058,1.1264184684814138
decode,1,5,19,custom_first,0.158720001578331,0.18544000387191772,1.1683467869700086
decode,1,5,20,baseline_first,0.15881599485874176,0.1855040043592453,1.1680435873240669
decode,1,6,1,custom_first,0.15875199437141418,0.18476800620555878,1.1638783307079459
decode,1,6,2,baseline_first,0.15884800255298615,0.18329599499702454,1.1539080885570683
decode,1,6,3,custom_first,0.15875199437141418,0.18329599499702454,1.1546059356469407
decode,1,6,4,baseline_first,0.16076800227165222,0.18534399569034576,1.1528661989415474
decode,1,6,5,custom_first,0.15881599485874176,0.18537600338459015,1.1672376170263712
decode,1,6,6,baseline_first,0.158720001578331,0.18329599499702454,1.1548386666728003
decode,1,6,7,custom_first,0.15875199437141418,0.18326400220394135,1.1544044087734682
decode,1,6,8,baseline_first,0.15875199437141418,0.1812479943037033,1.141705305948206
decode,1,6,9,custom_first,0.15670399367809296,0.18537600338459015,1.182969234117902
decode,1,6,10,baseline_first,0.16076800227165222,0.18134400248527527,1.127985668310137
decode,1,6,11,custom_first,0.15878400206565857,0.1870719939470291,1.1781539167256485
decode,1,6,12,baseline_first,0.15875199437141418,0.18332800269126892,1.1548075563848164
decode,1,6,13,custom_first,0.15875199437141418,0.185248002409935,1.1669018908608548
decode,1,6,14,baseline_first,0.158720001578331,0.18329599499702454,1.1548386666728003
decode,1,6,15,custom_first,0.15878400206565857,0.18329599499702454,1.1543731900725744
decode,1,6,16,baseline_first,0.15875199437141418,0.18316799402236938,1.1537996404242445
decode,1,6,17,custom_first,0.15875199437141418,0.1873600035905838,1.1802056681709376
decode,1,6,18,baseline_first,0.158720001578331,0.18131199479103088,1.1423386654992589
decode,1,6,19,custom_first,0.1607999950647354,0.18329599499702454,1.1399005013851686
decode,1,6,20,baseline_first,0.15887999534606934,0.18326400220394135,1.153474367901127
decode,1,7,1,custom_first,0.158720001578331,0.1812479943037033,1.1419354366264567
decode,1,7,2,baseline_first,0.16076800227165222,0.18729600310325623,1.1650079646245726
decode,1,7,3,custom_first,0.15875199437141418,0.18131199479103088,1.142108453559554
decode,1,7,4,baseline_first,0.158720001578331,0.1812479943037033,1.1419354366264567
decode,1,7,5,custom_first,0.15875199437141418,0.1894720047712326,1.1935094454810202
decode,1,7,6,baseline_first,0.15855999290943146,0.18534399569034576,1.1689203076353136
decode,1,7,7,custom_first,0.158720001578331,0.18540799617767334,1.1681451255919462
decode,1,7,8,baseline_first,0.16070400178432465,0.18332800269126892,1.140780569592207
decode,1,7,9,custom_first,0.158720001578331,0.18537600338459015,1.1679435580972066
decode,1,7,10,baseline_first,0.15875199437141418,0.1812800019979477,1.1419069266860815
decode,1,7,11,custom_first,0.15875199437141418,0.18131199479103088,1.142108453559554
decode,1,7,12,baseline_first,0.16076800227165222,0.19260799884796143,1.1980493389630398
decode,1,7,13,custom_first,0.158720001578331,0.1833599954843521,1.1552418955456025
decode,1,7,14,baseline_first,0.1607999950647354,0.18537600338459015,1.1528358773267426
decode,1,7,15,custom_first,0.15862399339675903,0.1812800019979477,1.1428283837522626
decode,1,7,16,baseline_first,0.16076800227165222,0.18326400220394135,1.1399283415506853
decode,1,7,17,custom_first,0.158720001578331,0.18329599499702454,1.1548386666728003
decode,1,7,18,baseline_first,0.158720001578331,0.18329599499702454,1.1548386666728003
decode,1,7,19,custom_first,0.18223999440670013,0.33792001008987427,1.8542582334355608
decode,1,7,20,baseline_first,0.15865600109100342,0.18326400220394135,1.155102870006304
decode,4,1,1,custom_first,0.16489599645137787,0.1894720047712326,1.1490394481900073
decode,4,1,2,baseline_first,0.16687999665737152,0.18943999707698822,1.1351869659126108
decode,4,1,3,custom_first,0.16284799575805664,0.19142399728298187,1.1754765319149558
decode,4,1,4,baseline_first,0.16486400365829468,0.19356800615787506,1.1741071541552135
decode,4,1,5,custom_first,0.16281600296497345,0.19353599846363068,1.188679214200253
decode,4,1,6,baseline_first,0.16492800414562225,0.19433599710464478,1.178308063032503
decode,4,1,7,custom_first,0.16489599645137787,0.18953600525856018,1.1494275745769715
decode,4,1,8,baseline_first,0.16486400365829468,0.18953600525856018,1.1496506275038785
decode,4,1,9,custom_first,0.16281600296497345,0.18742400407791138,1.1511399411901289
decode,4,1,10,baseline_first,0.16502399742603302,0.19350400567054749,1.1725810105725973
decode,4,1,11,custom_first,0.16281600296497345,0.18943999707698822,1.1635219734373554
decode,4,1,12,baseline_first,0.16499200463294983,0.18745599687099457,1.1361520049896925
decode,4,1,13,custom_first,0.16284799575805664,0.19353599846363068,1.1884456886480028
decode,4,1,14,baseline_first,0.16704000532627106,0.19155199825763702,1.1467432480230582
decode,4,1,15,custom_first,0.16489599645137787,0.1894720047712326,1.1490394481900073
decode,4,1,16,baseline_first,0.16492800414562225,0.1916159987449646,1.1618160283791366
decode,4,1,17,custom_first,0.16486400365829468,0.18943999707698822,1.149068279753966
decode,4,1,18,baseline_first,0.1669120043516159,0.1894720047712326,1.1351610419349583
decode,4,1,19,custom_first,0.16486400365829468,0.18943999707698822,1.149068279753966
decode,4,1,20,baseline_first,0.16684800386428833,0.1894720047712326,1.135596473334774
decode,4,2,1,custom_first,0.16569599509239197,0.19142399728298187,1.1552723237290314
decode,4,2,2,baseline_first,0.1656319946050644,0.1894720047712326,1.1439336054788976
decode,4,2,3,custom_first,0.16489599645137787,0.19148799777030945,1.1612652938288446
decode,4,2,4,baseline_first,0.1669120043516159,0.18937599658966064,1.1345858395584432
decode,4,2,5,custom_first,0.16495999693870544,0.20105600357055664,1.2188167270957424
decode,4,2,6,baseline_first,0.1669120043516159,0.19142399728298187,1.1468557820426692
decode,4,2,7,custom_first,0.1650560051202774,0.18943999707698822,1.1477316256318093
decode,4,2,8,baseline_first,0.16892799735069275,0.18943999707698822,1.1214245125022868
decode,4,2,9,custom_first,0.16489599645137787,0.19148799777030945,1.1612652938288446
decode,4,2,10,baseline_first,0.16489599645137787,0.18940800428390503,1.1486513218030427
decode,4,2,11,custom_first,0.1648319959640503,0.19139200448989868,1.161133816104739
decode,4,2,12,baseline_first,0.16489599645137787,0.19145600497722626,1.1610712758188766
decode,4,2,13,custom_first,0.16489599645137787,0.19152000546455383,1.161459402205841
decode,4,2,14,baseline_first,0.1669120043516159,0.19152000546455383,1.1474309844191843
decode,4,2,15,custom_first,0.16489599645137787,0.19363200664520264,1.1742674826086394
decode,4,2,16,baseline_first,0.16499200463294983,0.18742400407791138,1.1359580998780212
decode,4,2,17,custom_first,0.16291199624538422,0.1894720047712326,1.1630328590771344
decode,4,2,18,baseline_first,0.16697600483894348,0.1934719979763031,1.1586814414617017
decode,4,2,19,custom_first,0.16489599645137787,0.19356800615787506,1.173879356221675
decode,4,2,20,baseline_first,0.16284799575805664,0.18742400407791138,1.1509137905287292
decode,4,3,1,custom_first,0.16281600296497345,0.19350400567054749,1.1884827175875086
decode,4,3,2,baseline_first,0.1656000018119812,0.19353599846363068,1.1686956301085518
decode,4,3,3,custom_first,0.16486400365829468,0.19145600497722626,1.1612965882719157
decode,4,3,4,baseline_first,0.16486400365829468,0.1916159987449646,1.1622670473423504
decode,4,3,5,custom_first,0.1648319959640503,0.19734400510787964,1.1972433140403165
decode,4,3,6,baseline_first,0.1648319959640503,0.19356800615787506,1.174335146679241
decode,4,3,7,custom_first,0.16489599645137787,0.19148799777030945,1.1612652938288446
decode,4,3,8,baseline_first,0.16476799547672272,0.1894720047712326,1.14993208616172
decode,4,3,9,custom_first,0.1669120043516159,0.19331200420856476,1.1581671729334384
decode,4,3,10,baseline_first,0.16486400365829468,0.18943999707698822,1.149068279753966
decode,4,3,11,custom_first,0.16489599645137787,0.19353599846363068,1.1736852478446786
decode,4,3,12,baseline_first,0.16470399498939514,0.1873600035905838,1.1375559141880403
decode,4,3,13,custom_first,0.16572800278663635,0.19129599630832672,1.1542768457459023
decode,4,3,14,baseline_first,0.16486400365829468,0.19152000546455383,1.1616847899770026
decode,4,3,15,custom_first,0.16281600296497345,0.19340799748897552,1.1878930447063198
decode,4,3,16,baseline_first,0.16489599645137787,0.1873600035905838,1.1362313677872087
decode,4,3,17,custom_first,0.16470399498939514,0.19139200448989868,1.162036200167591
decode,4,3,18,baseline_first,0.16486400365829468,0.18943999707698822,1.149068279753966
decode,4,3,19,custom_first,0.16489599645137787,0.19363200664520264,1.1742674826086394
decode,4,3,20,baseline_first,0.16489599645137787,0.19145600497722626,1.1610712758188766
decode,4,4,1,custom_first,0.16489599645137787,0.19148799777030945,1.1612652938288446
decode,4,4,2,baseline_first,0.16486400365829468,0.1894720047712326,1.1492624257987916
decode,4,4,3,custom_first,0.16486400365829468,0.1903039962053299,1.1543089575803547
decode,4,4,4,baseline_first,0.1648319959640503,0.19148799777030945,1.1617161865350025
decode,4,4,5,custom_first,0.16495999693870544,0.1894720047712326,1.148593648687052
decode,4,4,6,baseline_first,0.16495999693870544,0.19353599846363068,1.173229886367804
decode,4,4,7,custom_first,0.16284799575805664,0.19148799777030945,1.1758695394372753
decode,4,4,8,baseline_first,0.1648319959640503,0.19148799777030945,1.1617161865350025
decode,4,4,9,custom_first,0.1648319959640503,0.18934400379657745,1.1487090397053326
decode,4,4,10,baseline_first,0.16284799575805664,0.19152000546455383,1.176066088950184
decode,4,4,11,custom_first,0.16486400365829468,0.19152000546455383,1.1616847899770026
decode,4,4,12,baseline_first,0.16486400365829468,0.18943999707698822,1.149068279753966
decode,4,4,13,custom_first,0.1648000031709671,0.19353599846363068,1.1743689001198152
decode,4,4,14,baseline_first,0.16486400365829468,0.1894720047712326,1.1492624257987916
decode,4,4,15,custom_first,0.16489599645137787,0.19145600497722626,1.1610712758188766
decode,4,4,16,baseline_first,0.16492800414562225,0.1894720047712326,1.1488164532927918
decode,4,4,17,custom_first,0.16281600296497345,0.19152000546455383,1.1762971819530261
decode,4,4,18,baseline_first,0.16697600483894348,0.18956799805164337,1.135300836994459
decode,4,4,19,custom_first,0.16492800414562225,0.19356800615787506,1.1736515406259647
decode,4,4,20,baseline_first,0.16486400365829468,0.1894720047712326,1.1492624257987916
decode,4,5,1,custom_first,0.1669439971446991,0.19049599766731262,1.1410772530035913
decode,4,5,2,baseline_first,0.16780799627304077,0.18934400379657745,1.1283371949003873
decode,4,5,3,custom_first,0.16284799575805664,0.19152000546455383,1.176066088950184
decode,4,5,4,baseline_first,0.16492800414562225,0.19148799777030945,1.1610399262531317
decode,4,5,5,custom_first,0.16486400365829468,0.18943999707698822,1.149068279753966
decode,4,5,6,baseline_first,0.1669439971446991,0.18940800428390503,1.1345601370724052
decode,4,5,7,custom_first,0.16486400365829468,0.18748800456523895,1.1372282633256676
decode,4,5,8,baseline_first,0.16489599645137787,0.1894720047712326,1.1490394481900073
decode,4,5,9,custom_first,0.16486400365829468,0.19152000546455383,1.1616847899770026
decode,4,5,10,baseline_first,0.1669439971446991,0.1915840059518814,1.1475944581932198
decode,4,5,11,custom_first,0.16486400365829468,0.18943999707698822,1.149068279753966
decode,4,5,12,baseline_first,0.16486400365829468,0.187391996383667,1.1366459155757551
decode,4,5,13,custom_first,0.1669120043516159,0.19350400567054749,1.1593174884109174
decode,4,5,14,baseline_first,0.16687999665737152,0.19363200664520264,1.160306870348019
decode,4,5,15,custom_first,0.16489599645137787,0.18943999707698822,1.1488453398130107
decode,4,5,16,baseline_first,0.16486400365829468,0.18937599658966064,1.1486800780488793
decode,4,5,17,custom_first,0.1669120043516159,0.19353599846363068,1.1595091630193883
decode,4,5,18,baseline_first,0.1669120043516159,0.19139200448989868,1.1466641074341983
decode,4,5,19,custom_first,0.16489599645137787,0.19152000546455383,1.161459402205841
decode,4,5,20,baseline_first,0.1669120043516159,0.1873600035905838,1.1225076609582392
decode,4,6,1,custom_first,0.1669439971446991,0.19353599846363068,1.159286957145772
decode,4,6,2,baseline_first,0.16489599645137787,0.1955839991569519,1.1861052018605125
decode,4,6,3,custom_first,0.16486400365829468,0.19152000546455383,1.1616847899770026
decode,4,6,4,baseline_first,0.1669120043516159,0.1915840059518814,1.1478144229116776
decode,4,6,5,custom_first,0.16489599645137787,0.19148799777030945,1.1612652938288446
decode,4,6,6,baseline_first,0.16486400365829468,0.19363200664520264,1.1744953558603002
decode,4,6,7,custom_first,0.16486400365829468,0.18943999707698822,1.149068279753966
decode,4,6,8,baseline_first,0.16486400365829468,0.18943999707698822,1.149068279753966
decode,4,6,9,custom_first,0.16486400365829468,0.19148799777030945,1.1614906439321768
decode,4,6,10,baseline_first,0.1669120043516159,0.18799999356269836,1.1263419566076183
decode,4,6,11,custom_first,0.16284799575805664,0.18943999707698822,1.163293390226548
decode,4,6,12,baseline_first,0.16486400365829468,0.19152000546455383,1.1616847899770026
decode,4,6,13,custom_first,0.16502399742603302,0.19148799777030945,1.1603645576222217
decode,4,6,14,baseline_first,0.1669120043516159,0.1913599967956543,1.1464723435501762
decode,4,6,15,custom_first,0.16486400365829468,0.19148799777030945,1.1614906439321768
decode,4,6,16,baseline_first,0.16486400365829468,0.1900479942560196,1.1527561507600077
decode,4,6,17,custom_first,0.16486400365829468,0.19356800615787506,1.1741071541552135
decode,4,6,18,baseline_first,0.16486400365829468,0.19152000546455383,1.1616847899770026
decode,4,6,19,custom_first,0.16489599645137787,0.19353599846363068,1.1736852478446786
decode,4,6,20,baseline_first,0.16495999693870544,0.19152000546455383,1.1610087840612495
decode,4,7,1,custom_first,0.16489599645137787,0.19356800615787506,1.173879356221675
decode,4,7,2,baseline_first,0.16697600483894348,0.1894720047712326,1.134725944329472
decode,4,7,3,custom_first,0.16486400365829468,0.19350400567054749,1.1737189524501268
decode,4,7,4,baseline_first,0.16281600296497345,0.19148799777030945,1.176100593818804
decode,4,7,5,custom_first,0.16492800414562225,0.19152000546455383,1.1612339969593783
decode,4,7,6,baseline_first,0.16486400365829468,0.18940800428390503,1.1488742240937049
decode,4,7,7,custom_first,0.16281600296497345,0.19148799777030945,1.176100593818804
decode,4,7,8,baseline_first,0.16489599645137787,0.19152000546455383,1.161459402205841
decode,4,7,9,custom_first,0.1669120043516159,0.19356800615787506,1.1597009269034106
decode,4,7,10,baseline_first,0.16489599645137787,0.19139200448989868,1.160683149431912
decode,4,7,11,custom_first,0.16489599645137787,0.1894720047712326,1.1490394481900073
decode,4,7,12,baseline_first,0.16489599645137787,0.1894720047712326,1.1490394481900073
decode,4,7,13,custom_first,0.16489599645137787,0.1894720047712326,1.1490394481900073
decode,4,7,14,baseline_first,0.1669439971446991,0.18940800428390503,1.1345601370724052
decode,4,7,15,custom_first,0.16486400365829468,0.19152000546455383,1.1616847899770026
decode,4,7,16,baseline_first,0.16486400365829468,0.187391996383667,1.1366459155757551
decode,4,7,17,custom_first,0.16495999693870544,0.19152000546455383,1.1610087840612495
decode,4,7,18,baseline_first,0.16489599645137787,0.18940800428390503,1.1486513218030427
decode,4,7,19,custom_first,0.16499200463294983,0.19145600497722626,1.1603956531296755
decode,4,7,20,baseline_first,0.16492800414562225,0.19148799777030945,1.1610399262531317
decode,16,1,1,custom_first,0.1526080071926117,0.18943999707698822,1.2413503102618306
decode,16,1,2,baseline_first,0.1525759994983673,0.19152000546455383,1.255243328532829
decode,16,1,3,custom_first,0.15052799880504608,0.1974720060825348,1.3118622957200639
decode,16,1,4,baseline_first,0.1525759994983673,0.19766399264335632,1.2955117010095123
decode,16,1,5,custom_first,0.15059199929237366,0.19155199825763702,1.2719931945769558
decode,16,1,6,baseline_first,0.15251199901103973,0.29651200771331787,1.9441880615036364
decode,16,1,7,custom_first,0.15056000649929047,0.19353599846363068,1.2854409544977188
decode,16,1,8,baseline_first,0.15056000649929047,0.19148799777030945,1.271838400001742
decode,16,1,9,custom_first,0.1526080071926117,0.19356800615787506,1.268400064444629
decode,16,1,10,baseline_first,0.15052799880504608,0.19599999487400055,1.302083309616351
decode,16,1,11,custom_first,0.15056000649929047,0.1956160068511963,1.2992560999399143
decode,16,1,12,baseline_first,0.15052799880504608,0.19152000546455383,1.2723214749742198
decode,16,1,13,custom_first,0.1526080071926117,0.1894720047712326,1.2415600482358282
decode,16,1,14,baseline_first,0.1525759994983673,0.1895039975643158,1.2420301894620303
decode,16,1,15,custom_first,0.15052799880504608,0.1934719979763031,1.2852891124054286
decode,16,1,16,baseline_first,0.1525759994983673,0.19148799777030945,1.2550335465595854
decode,16,1,17,custom_first,0.15056000649929047,0.1895039975643158,1.2586609284266261
decode,16,1,18,baseline_first,0.1526080071926117,0.19350400567054749,1.267980686140011
decode,16,1,19,custom_first,0.15059199929237366,0.1956160068511963,1.2989800770983106
decode,16,1,20,baseline_first,0.15056000649929047,0.19145600497722626,1.2716259080270995
decode,16,2,1,custom_first,0.15052799880504608,0.19152000546455383,1.2723214749742198
decode,16,2,2,baseline_first,0.15062400698661804,0.19148799777030945,1.2712979929376191
decode,16,2,3,custom_first,0.15059199929237366,0.1956160068511963,1.2989800770983106
decode,16,2,4,baseline_first,0.1526080071926117,0.19145600497722626,1.2545606780356104
decode,16,2,5,custom_first,0.15251199901103973,0.18943999707698822,1.2421317555694449
decode,16,2,6,baseline_first,0.15263999998569489,0.19356800615787506,1.2681342123690766
decode,16,2,7,custom_first,0.15056000649929047,0.19148799777030945,1.271838400001742
decode,16,2,8,baseline_first,0.1525759994983673,0.19366399943828583,1.2692953025050195
decode,16,2,9,custom_first,0.15056000649929047,0.19353599846363068,1.2854409544977188
decode,16,2,10,baseline_first,0.15299199521541595,0.19356800615787506,1.2652165617248616
decode,16,2,11,custom_first,0.1526080071926117,0.19353599846363068,1.2681903264706313
decode,16,2,12,baseline_first,0.1526080071926117,0.1936960071325302,1.269238821053865
decode,16,2,13,custom_first,0.1526080071926117,0.19152000546455383,1.2549800563402287
decode,16,2,14,baseline_first,0.1526080071926117,0.1937279999256134,1.2694484613844854
decode,16,2,15,custom_first,0.1525759994983673,0.1956160068511963,1.2820889752931919
decode,16,2,16,baseline_first,0.1526080071926117,0.19564799964427948,1.2820297128796496
decode,16,2,17,custom_first,0.15056000649929047,0.19148799777030945,1.271838400001742
decode,16,2,18,baseline_first,0.1526080071926117,0.19353599846363068,1.2681903264706313
decode,16,2,19,custom_first,0.15059199929237366,0.19353599846363068,1.2851678666399895
decode,16,2,20,baseline_first,0.15849600732326508,0.19145600497722626,1.207954750473535
decode,16,3,1,custom_first,0.15056000649929047,0.19152000546455383,1.2720509909479607
decode,16,3,2,baseline_first,0.1526080071926117,0.19148799777030945,1.254770318366231
decode,16,3,3,custom_first,0.1526080071926117,0.19353599846363068,1.2681903264706313
decode,16,3,4,baseline_first,0.15056000649929047,0.1934400051832199,1.2848033796022154
decode,16,3,5,custom_first,0.15056000649929047,0.19152000546455383,1.2720509909479607
decode,16,3,6,baseline_first,0.15056000649929047,0.19164800643920898,1.2729011567896826
decode,16,3,7,custom_first,0.15059199929237366,0.19152000546455383,1.27178074774556
decode,16,3,8,baseline_first,0.15241600573062897,0.19152000546455383,1.256560979580025
decode,16,3,9,custom_first,0.15267199277877808,0.19152000546455383,1.2544540880007153
decode,16,3,10,baseline_first,0.15452800691127777,0.19766399264335632,1.2791467164709183
decode,16,3,11,custom_first,0.15056000649929047,0.1956160068511963,1.2992560999399143
decode,16,3,12,baseline_first,0.1525759994983673,0.1955839991569519,1.2818791933199483
decode,16,3,13,custom_first,0.15059199929237366,0.19152000546455383,1.27178074774556
decode,16,3,14,baseline_first,0.1526080071926117,0.19148799777030945,1.254770318366231
decode,16,3,15,custom_first,0.15052799880504608,0.19542400538921356,1.2982568488292587
decode,16,3,16,baseline_first,0.15263999998569489,0.19148799777030945,1.2545073230362638
decode,16,3,17,custom_first,0.15052799880504608,0.19359999895095825,1.2861394590231428
decode,16,3,18,baseline_first,0.1525759994983673,0.1956160068511963,1.2820889752931919
decode,16,3,19,custom_first,0.1504639983177185,0.1955839991569519,1.2998724036560452
decode,16,3,20,baseline_first,0.1558080017566681,0.1956160068511963,1.2554939710779298
decode,16,4,1,custom_first,0.15056000649929047,0.19766399264335632,1.3128585554643148
decode,16,4,2,baseline_first,0.15059199929237366,0.19350400567054749,1.284955419808594
decode,16,4,3,custom_first,0.15052799880504608,0.19356800615787506,1.2859269218650249
decode,16,4,4,baseline_first,0.1525759994983673,0.19353599846363068,1.2684563699397668
decode,16,4,5,custom_first,0.15052799880504608,0.19148799777030945,1.2721088388234807
decode,16,4,6,baseline_first,0.1525759994983673,0.1955839991569519,1.2818791933199483
decode,16,4,7,custom_first,0.15056000649929047,0.1956160068511963,1.2992560999399143
decode,16,4,8,baseline_first,0.15052799880504608,0.1956160068511963,1.29953236875583
decode,16,4,9,custom_first,0.15056000649929047,0.19353599846363068,1.2854409544977188
decode,16,4,10,baseline_first,0.15065599977970123,0.19548800587654114,1.2975786305384194
decode,16,4,11,custom_first,0.15056000649929047,0.19353599846363068,1.2854409544977188
decode,16,4,12,baseline_first,0.15251199901103973,0.1916159987449646,1.256399496351066
decode,16,4,13,custom_first,0.14847999811172485,0.19152000546455383,1.2898707428622354
decode,16,4,14,baseline_first,0.1525759994983673,0.19577600061893463,1.2831375921678272
decode,16,4,15,custom_first,0.15052799880504608,0.19766399264335632,1.3131377166540137
decode,16,4,16,baseline_first,0.1525759994983673,0.1916159987449646,1.2558724791248381
decode,16,4,17,custom_first,0.1525759994983673,0.19356800615787506,1.2686661519130105
decode,16,4,18,baseline_first,0.15062400698661804,0.19353599846363068,1.2848947676768756
decode,16,4,19,custom_first,0.15052799880504608,0.19350400567054749,1.285501748556168
decode,16,4,20,baseline_first,0.15059199929237366,0.19145600497722626,1.2713557551322188
decode,16,5,1,custom_first,0.15056000649929047,0.18943999707698822,1.258235845505765
decode,16,5,2,baseline_first,0.1526080071926117,0.19152000546455383,1.2549800563402287
decode,16,5,3,custom_first,0.15263999998569489,0.19353599846363068,1.2679245183554015
decode,16,5,4,baseline_first,0.15270400047302246,0.1921280026435852,1.2581726873457229
decode,16,5,5,custom_first,0.15084800124168396,0.19356800615787506,1.2831990120157206
decode,16,5,6,baseline_first,0.1525759994983673,0.19353599846363068,1.2684563699397668
decode,16,5,7,custom_first,0.15052799880504608,0.19766399264335632,1.3131377166540137
decode,16,5,8,baseline_first,0.15059199929237366,0.19164800643920898,1.272630732972243
decode,16,5,9,custom_first,0.15056000649929047,0.19356800615787506,1.2856535454439375
decode,16,5,10,baseline_first,0.15452800691127777,0.19356800615787506,1.2526402820235176
decode,16,5,11,custom_first,0.15056000649929047,0.19251200556755066,1.2786397267355185
decode,16,5,12,baseline_first,0.15251199901103973,0.19152000546455383,1.2557700817408501
decode,16,5,13,custom_first,0.15052799880504608,0.19359999895095825,1.2861394590231428
decode,16,5,14,baseline_first,0.1526080071926117,0.19148799777030945,1.254770318366231
decode,16,5,15,custom_first,0.14854399859905243,0.19145600497722626,1.2888841473427763
decode,16,5,16,baseline_first,0.15056000649929047,0.1956160068511963,1.2992560999399143
decode,16,5,17,custom_first,0.15263999998569489,0.19763199985027313,1.2947589089936766
decode,16,5,18,baseline_first,0.15059199929237366,0.19148799777030945,1.2715682019636143
decode,16,5,19,custom_first,0.1525759994983673,0.19148799777030945,1.2550335465595854
decode,16,5,20,baseline_first,0.1557759940624237,0.19356800615787506,1.2426048527111762
decode,16,6,1,custom_first,0.15059199929237366,0.19148799777030945,1.2715682019636143
decode,16,6,2,baseline_first,0.15052799880504608,0.19359999895095825,1.2861394590231428
decode,16,6,3,custom_first,0.15056000649929047,0.19564799964427948,1.2994685919145565
decode,16,6,4,baseline_first,0.1526080071926117,0.19167999923229218,1.2560284532800852
decode,16,6,5,custom_first,0.15059199929237366,0.19152000546455383,1.27178074774556
decode,16,6,6,baseline_first,0.15241600573062897,0.19148799777030945,1.2563509773949464
decode,16,6,7,custom_first,0.15052799880504608,0.1955839991569519,1.2993197326050907
decode,16,6,8,baseline_first,0.1526080071926117,0.19356800615787506,1.268400064444629
decode,16,6,9,custom_first,0.15059199929237366,0.19353599846363068,1.2851678666399895
decode,16,6,10,baseline_first,0.15056000649929047,0.18940800428390503,1.2580233535311227
decode,16,6,11,custom_first,0.15056000649929047,0.19356800615787506,1.2856535454439375
decode,16,6,12,baseline_first,0.15052799880504608,0.1955839991569519,1.2993197326050907
decode,16,6,13,custom_first,0.15059199929237366,0.19148799777030945,1.2715682019636143
decode,16,6,14,baseline_first,0.15059199929237366,0.1936960071325302,1.2862303976486182
decode,16,6,15,custom_first,0.15062400698661804,0.19356800615787506,1.2851072682927118
decode,16,6,16,baseline_first,0.15056000649929047,0.19564799964427948,1.2994685919145565
decode,16,6,17,custom_first,0.15059199929237366,0.1976960003376007,1.3127921886060816
decode,16,6,18,baseline_first,0.1526080071926117,0.1955839991569519,1.2816103345750316
decode,16,6,19,custom_first,0.1525759994983673,0.19353599846363068,1.2684563699397668
decode,16,6,20,baseline_first,0.15062400698661804,0.19142399728298187,1.27087309063547
decode,16,7,1,custom_first,0.15052799880504608,0.19148799777030945,1.2721088388234807
decode,16,7,2,baseline_first,0.15062400698661804,0.19356800615787506,1.2851072682927118
decode,16,7,3,custom_first,0.15056000649929047,0.19356800615787506,1.2856535454439375
decode,16,7,4,baseline_first,0.15254400670528412,0.19353599846363068,1.268722401120244
decode,16,7,5,custom_first,0.15059199929237366,0.19155199825763702,1.2719931945769558
decode,16,7,6,baseline_first,0.1526080071926117,0.19152000546455383,1.2549800563402287
decode,16,7,7,custom_first,0.15062400698661804,0.1955520063638687,1.2982791407298189
decode,16,7,8,baseline_first,0.1504960060119629,0.1955839991569519,1.2995959450339498
decode,16,7,9,custom_first,0.15263999998569489,0.19152000546455383,1.254717017049939
decode,16,7,10,baseline_first,0.1526080071926117,0.19356800615787506,1.268400064444629
decode,16,7,11,custom_first,0.1504639983177185,0.1936960071325302,1.2873246045444264
decode,16,7,12,baseline_first,0.15056000649929047,0.19766399264335632,1.3128585554643148
decode,16,7,13,custom_first,0.1526080071926117,0.19353599846363068,1.2681903264706313
decode,16,7,14,baseline_first,0.150751993060112,0.19564799964427948,1.2978136850652802
decode,16,7,15,custom_first,0.15056000649929047,0.19763199985027313,1.3126460634896724
decode,16,7,16,baseline_first,0.15279999375343323,0.19356800615787506,1.2668063748106393
decode,16,7,17,custom_first,0.15056000649929047,0.19356800615787506,1.2856535454439375
decode,16,7,18,baseline_first,0.15033599734306335,0.19359999895095825,1.2877820506898785
decode,16,7,19,custom_first,0.15241600573062897,0.19353599846363068,1.269787890949424
decode,16,7,20,baseline_first,0.15244799852371216,0.19145600497722626,1.2558774587483135
decode,64,1,1,custom_first,0.1812479943037033,0.20582400262355804,1.1355932705035876
decode,64,1,2,baseline_first,0.1833599954843521,0.20787200331687927,1.1336824194818385
decode,64,1,3,custom_first,0.17923200130462646,0.20582400262355804,1.1483663694282766
decode,64,1,4,baseline_first,0.1812800019979477,0.20588800311088562,1.1357458122336987
decode,64,1,5,custom_first,0.1812800019979477,0.20790399610996246,1.1468666914087753
decode,64,1,6,baseline_first,0.18115200102329254,0.2099200040102005,1.1588058802795613
decode,64,1,7,custom_first,0.17923200130462646,0.20585599541664124,1.1485448687634976
decode,64,1,8,baseline_first,0.18326400220394135,0.20585599541664124,1.1232756730236573
decode,64,1,9,custom_first,0.17932799458503723,0.20585599541664124,1.147930059068521
decode,64,1,10,baseline_first,0.1812800019979477,0.20790399610996246,1.1468666914087753
decode,64,1,11,custom_first,0.17923200130462646,0.20787200331687927,1.1597929041900037
decode,64,1,12,baseline_first,0.18332800269126892,0.20582400262355804,1.1227090220918035
decode,64,1,13,custom_first,0.1812800019979477,0.20582400262355804,1.1353927645360917
decode,64,1,14,baseline_first,0.18332800269126892,0.2056960016489029,1.1220108146560812
decode,64,1,15,custom_first,0.1791680008172989,0.2056960016489029,1.1480621579221344
decode,64,1,16,baseline_first,0.18780800700187683,0.20582400262355804,1.0959277291170082
decode,64,1,17,custom_first,0.18118399381637573,0.20585599541664124,1.1361709778032036
decode,64,1,18,baseline_first,0.18108800053596497,0.20576000213623047,1.1362431609341532
decode,64,1,19,custom_first,0.1812800019979477,0.20691199600696564,1.1413944931957145
decode,64,1,20,baseline_first,0.18329599499702454,0.20790399610996246,1.1342528030322616
decode,64,2,1,custom_first,0.17919999361038208,0.20787200331687927,1.1600000598707392
decode,64,2,2,baseline_first,0.18332800269126892,0.20774400234222412,1.1331820523462126
decode,64,2,3,custom_first,0.1812800019979477,0.20582400262355804,1.1353927645360917
decode,64,2,4,baseline_first,0.18131199479103088,0.20582400262355804,1.135192422656748
decode,64,2,5,custom_first,0.17932799458503723,0.20796799659729004,1.1597073679350813
decode,64,2,6,baseline_first,0.18332800269126892,0.2078399956226349,1.1337056672822923
decode,64,2,7,custom_first,0.17919999361038208,0.20579199492931366,1.1483928697941146
decode,64,2,8,baseline_first,0.1833599954843521,0.20585599541664124,1.1226876117272206
decode,64,2,9,custom_first,0.1812800019979477,0.20787200331687927,1.1466902086598203
decode,64,2,10,baseline_first,0.18332800269126892,0.20787200331687927,1.1338802597819349
decode,64,2,11,custom_first,0.1812800019979477,0.2099519968032837,1.158164135532504
decode,64,2,12,baseline_first,0.1833599954843521,0.20790399610996246,1.1338569002512051
decode,64,2,13,custom_first,0.1812800019979477,0.20585599541664124,1.1355692472850467
decode,64,2,14,baseline_first,0.18121600151062012,0.20790399610996246,1.1472717330526592
decode,64,2,15,custom_first,0.1791680008172989,0.20787200331687927,1.1602071930737812
decode,64,2,16,baseline_first,0.18131199479103088,0.20582400262355804,1.135192422656748
decode,64,2,17,custom_first,0.18134400248527527,0.20582400262355804,1.1349920582031408
decode,64,2,18,baseline_first,0.1812800019979477,0.2078399956226349,1.1465136437111683
decode,64,2,19,custom_first,0.1812479943037033,0.20576000213623047,1.1352401604591236
decode,64,2,20,baseline_first,0.1812479943037033,0.20582400262355804,1.1355932705035876
decode,64,3,1,custom_first,0.1812800019979477,0.20585599541664124,1.1355692472850467
decode,64,3,2,baseline_first,0.1812800019979477,0.20790399610996246,1.1468666914087753
decode,64,3,3,custom_first,0.1812800019979477,0.20787200331687927,1.1466902086598203
decode,64,3,4,baseline_first,0.1844799965620041,0.20790399610996246,1.1269731135325858
decode,64,3,5,custom_first,0.1812479943037033,0.2099519968032837,1.1583686628359777
decode,64,3,6,baseline_first,0.18332800269126892,0.20585599541664124,1.1228835333100218
decode,64,3,7,custom_first,0.1812800019979477,0.20771199464797974,1.1458075483159542
decode,64,3,8,baseline_first,0.18332800269126892,0.2077759951353073,1.1333565635644312
decode,64,3,9,custom_first,0.1812800019979477,0.20848000049591064,1.1500441206872387
decode,64,3,10,baseline_first,0.1812479943037033,0.20585599541664124,1.1357697844187131
decode,64,3,11,custom_first,0.17923200130462646,0.20790399610996246,1.1599714035252247
decode,64,3,12,baseline_first,0.1833599954843521,0.20998400449752808,1.1452007508117987
decode,64,3,13,custom_first,0.1812800019979477,0.2099200040102005,1.1579876527835489
decode,64,3,14,baseline_first,0.17923200130462646,0.20793600380420685,1.1601499859994
decode,64,3,15,custom_first,0.1812479943037033,0.20787200331687927,1.14689270971222
decode,64,3,16,baseline_first,0.18332800269126892,0.20585599541664124,1.1228835333100218
decode,64,3,17,custom_first,0.17923200130462646,0.2078080028295517,1.1594358223806074
decode,64,3,18,baseline_first,0.18134400248527527,0.20582400262355804,1.1349920582031408
decode,64,3,19,custom_first,0.1812800019979477,0.20787200331687927,1.1466902086598203
decode,64,3,20,baseline_first,0.18118399381637573,0.20582400262355804,1.1359944015372252
decode,64,4,1,custom_first,0.17919999361038208,0.2077759951353073,1.159464299909828
decode,64,4,2,baseline_first,0.18121600151062012,0.2078399956226349,1.1469185606683552
decode,64,4,3,custom_first,0.18140800297260284,0.2059839963912964,1.1354735900069697
decode,64,4,4,baseline_first,0.1812479943037033,0.20585599541664124,1.1357697844187131
decode,64,4,5,custom_first,0.1812479943037033,0.20790399610996246,1.1470692236273454
decode,64,4,6,baseline_first,0.17923200130462646,0.20585599541664124,1.1485448687634976
decode,64,4,7,custom_first,0.18131199479103088,0.20630399882793427,1.1378397720774494
decode,64,4,8,baseline_first,0.17923200130462646,0.20582400262355804,1.1483663694282766
decode,64,4,9,custom_first,0.17923200130462646,0.20582400262355804,1.1483663694282766
decode,64,4,10,baseline_first,0.18121600151062012,0.2078399956226349,1.1469185606683552
decode,64,4,11,custom_first,0.17919999361038208,0.20582400262355804,1.1485714841656862
decode,64,4,12,baseline_first,0.1812479943037033,0.20579199492931366,1.135416674374249
decode,64,4,13,custom_first,0.17926399409770966,0.2078080028295517,1.1592289007924472
decode,64,4,14,baseline_first,0.18121600151062012,0.2078399956226349,1.1469185606683552
decode,64,4,15,custom_first,0.17926399409770966,0.20793600380420685,1.1599429369562593
decode,64,4,16,baseline_first,0.18118399381637573,0.20787200331687927,1.1472978321007263
decode,64,4,17,custom_first,0.17919999361038208,0.20787200331687927,1.1600000598707392
decode,64,4,18,baseline_first,0.18332800269126892,0.20579199492931366,1.1225344295921607
decode,64,4,19,custom_first,0.17923200130462646,0.20787200331687927,1.1597929041900037
decode,64,4,20,baseline_first,0.18332800269126892,0.20800000429153442,1.134578467217657
decode,64,5,1,custom_first,0.1812800019979477,0.2059520035982132,1.1360988599313058
decode,64,5,2,baseline_first,0.181536003947258,0.20585599541664124,1.1339678683047854
decode,64,5,3,custom_first,0.17923200130462646,0.20579199492931366,1.1481877869541013
decode,64,5,4,baseline_first,0.18131199479103088,0.20585599541664124,1.1353688742650383
decode,64,5,5,custom_first,0.17945599555969238,0.2059199959039688,1.1474679085629864
decode,64,5,6,baseline_first,0.18121600151062012,0.20787200331687927,1.147095187974871
decode,64,5,7,custom_first,0.17919999361038208,0.20790399610996246,1.1601785910885065
decode,64,5,8,baseline_first,0.18320000171661377,0.20582400262355804,1.123493453575075
decode,64,5,9,custom_first,0.17923200130462646,0.2078080028295517,1.1594358223806074
decode,64,5,10,baseline_first,0.18332800269126892,0.20579199492931366,1.1225344295921607
decode,64,5,11,custom_first,0.18147200345993042,0.20585599541664124,1.1343677894761044
decode,64,5,12,baseline_first,0.1918720006942749,0.20582400262355804,1.0727151532208912
decode,64,5,13,custom_first,0.18329599499702454,0.20377600193023682,1.1117318844503108
decode,64,5,14,baseline_first,0.18332800269126892,0.20787200331687927,1.1338802597819349
decode,64,5,15,custom_first,0.1812479943037033,0.20585599541664124,1.1357697844187131
decode,64,5,16,baseline_first,0.1833920031785965,0.20787200331687927,1.133484556109259
decode,64,5,17,custom_first,0.1812479943037033,0.20585599541664124,1.1357697844187131
decode,64,5,18,baseline_first,0.18105599284172058,0.2056960016489029,1.1360905453636247
decode,64,5,19,custom_first,0.17923200130462646,0.20793600380420685,1.1601499859994
decode,64,5,20,baseline_first,0.1812800019979477,0.20790399610996246,1.1468666914087753
decode,64,6,1,custom_first,0.18137599527835846,0.20585599541664124,1.1349682470423565
decode,64,6,2,baseline_first,0.18131199479103088,0.2123199999332428,1.1710201532885336
decode,64,6,3,custom_first,0.17919999361038208,0.20790399610996246,1.1601785910885065
decode,64,6,4,baseline_first,0.18332800269126892,0.20585599541664124,1.1228835333100218
decode,64,6,5,custom_first,0.17919999361038208,0.20793600380420685,1.1603572054600784
decode,64,6,6,baseline_first,0.18323199450969696,0.20848000049591064,1.1377925621219906
decode,64,6,7,custom_first,0.18137599527835846,0.20761600136756897,1.1446718792580015
decode,64,6,8,baseline_first,0.1812479943037033,0.2056639939546585,1.1347104542853212
decode,64,6,9,custom_first,0.1812479943037033,0.20585599541664124,1.1357697844187131
decode,64,6,10,baseline_first,0.1834239959716797,0.20582400262355804,1.1221214625339253
decode,64,6,11,custom_first,0.17951999604701996,0.20787200331687927,1.1579323077883388
decode,64,6,12,baseline_first,0.18332800269126892,0.20582400262355804,1.1227090220918035
decode,64,6,13,custom_first,0.1812800019979477,0.20585599541664124,1.1355692472850467
decode,64,6,14,baseline_first,0.18121600151062012,0.20582400262355804,1.1357937539058645
decode,64,6,15,custom_first,0.17900800704956055,0.20585599541664124,1.1499820528120146
decode,64,6,16,baseline_first,0.18332800269126892,0.2078399956226349,1.1337056672822923
decode,64,6,17,custom_first,0.18329599499702454,0.20787200331687927,1.1340782613403728
decode,64,6,18,baseline_first,0.18326400220394135,0.20579199492931366,1.122926447389829
decode,64,6,19,custom_first,0.1812800019979477,0.2038400024175644,1.12444836810997
decode,64,6,20,baseline_first,0.17919999361038208,0.21004800498485565,1.1721429267544705
decode,64,7,1,custom_first,0.17923200130462646,0.20582400262355804,1.1483663694282766
decode,64,7,2,baseline_first,0.1812800019979477,0.2099200040102005,1.1579876527835489
decode,64,7,3,custom_first,0.1812800019979477,0.20774400234222412,1.1459841132646063
decode,64,7,4,baseline_first,0.18332800269126892,0.20790399610996246,1.1340547710001534
decode,64,7,5,custom_first,0.18121600151062012,0.20585599541664124,1.1359702989836529
decode,64,7,6,baseline_first,0.1812479943037033,0.20582400262355804,1.1355932705035876
decode,64,7,7,custom_first,0.1812800019979477,0.20854400098323822,1.1503971683848457
decode,64,7,8,baseline_first,0.18329599499702454,0.20790399610996246,1.1342528030322616
decode,64,7,9,custom_first,0.17919999361038208,0.20787200331687927,1.1600000598707392
decode,64,7,10,baseline_first,0.1833599954843521,0.20787200331687927,1.1336824194818385
decode,64,7,11,custom_first,0.1812800019979477,0.20790399610996246,1.1468666914087753
decode,64,7,12,baseline_first,0.1812800019979477,0.20582400262355804,1.1353927645360917
decode,64,7,13,custom_first,0.1812479943037033,0.20582400262355804,1.1355932705035876
decode,64,7,14,baseline_first,0.1812800019979477,0.2078399956226349,1.1465136437111683
decode,64,7,15,custom_first,0.17923200130462646,0.20585599541664124,1.1485448687634976
decode,64,7,16,baseline_first,0.18329599499702454,0.2078399956226349,1.1339036383528662
decode,64,7,17,custom_first,0.17919999361038208,0.20585599541664124,1.1487500153834538
decode,64,7,18,baseline_first,0.18332800269126892,0.20787200331687927,1.1338802597819349
decode,64,7,19,custom_first,0.1812479943037033,0.21196800470352173,1.1694915881294845
decode,64,7,20,baseline_first,0.18131199479103088,0.20774400234222412,1.1457819025247455
prefill,512,1,1,custom_first,0.7248960137367249,0.4434880018234253,0.6117953381165865
prefill,512,1,2,baseline_first,0.7260479927062988,0.4391680061817169,0.6048746234319103
prefill,512,1,3,custom_first,0.7280960083007812,0.44336000084877014,0.6089306846819235
prefill,512,1,4,baseline_first,0.7280640006065369,0.44332799315452576,0.6089134922001325
prefill,512,1,5,custom_first,0.7260159850120544,0.4413439929485321,0.6078984513560045
prefill,512,1,6,baseline_first,0.7260800004005432,0.4413119852542877,0.6078007726570588
prefill,512,1,7,custom_first,0.7260800004005432,0.4413760006427765,0.6078889384080138
prefill,512,1,8,baseline_first,0.7321919798851013,0.4434239864349365,0.6056116409585919
prefill,512,1,9,custom_first,0.7281280159950256,0.441536009311676,0.6063988743906435
prefill,512,1,10,baseline_first,0.7300800085067749,0.4447999894618988,0.6092482800229575
prefill,512,1,11,custom_first,0.7260479927062988,0.44230398535728455,0.6091938684502437
prefill,512,1,12,baseline_first,0.7321919798851013,0.44543999433517456,0.6083650279877074
prefill,512,1,13,custom_first,0.7280640006065369,0.44336000084877014,0.608957454948212
prefill,512,1,14,baseline_first,0.7301440238952637,0.44547200202941895,0.6101152477464092
prefill,512,1,15,custom_first,0.7301440238952637,0.4413760006427765,0.6045053937277588
prefill,512,1,16,baseline_first,0.7260479927062988,0.4431999921798706,0.6104279560471894
prefill,512,1,17,custom_first,0.7301440238952637,0.44121599197387695,0.6042862470064778
prefill,512,1,18,baseline_first,0.7300800085067749,0.4399360120296478,0.6025860274265616
prefill,512,1,19,custom_first,0.7301759719848633,0.4413119852542877,0.604391273044296
prefill,512,1,20,baseline_first,0.7280640006065369,0.44118401408195496,0.6059687248846428
prefill,2048,1,1,custom_first,2.8304319381713867,1.6596800088882446,0.5863698704447521
prefill,2048,1,2,baseline_first,2.8323519229888916,1.6620160341262817,0.5867971492654093
prefill,2048,1,3,custom_first,2.823199987411499,1.6537599563598633,0.5857749942384147
prefill,2048,1,4,baseline_first,2.8251841068267822,1.6517119407653809,0.5846386919614123
prefill,2048,1,5,custom_first,2.828223943710327,1.6647039651870728,0.5886040137978463
prefill,2048,1,6,baseline_first,2.8323841094970703,1.6619839668273926,0.5867791593854483
prefill,2048,1,7,custom_first,2.815999984741211,1.659999966621399,0.5894886277046454
prefill,2048,1,8,baseline_first,2.831455945968628,1.6517119407653809,0.5833436833502765
prefill,2048,1,9,custom_first,2.8128321170806885,1.6579519510269165,0.5894244242161277
prefill,2048,1,10,baseline_first,2.8272640705108643,1.6671040058135986,0.5896527399764133
prefill,2048,1,11,custom_first,2.8252480030059814,1.6537599563598633,0.5853503673306948
prefill,2048,1,12,baseline_first,2.8251841068267822,1.6558079719543457,0.5860885200200748
prefill,2048,1,13,custom_first,2.8254079818725586,1.6558079719543457,0.5860420804987418
prefill,2048,1,14,baseline_first,2.8210880756378174,1.6679359674453735,0.5912385302143647
prefill,2048,1,15,custom_first,2.8201279640197754,1.6619199514389038,0.5893065749647841
prefill,2048,1,16,baseline_first,2.820159912109375,1.6578240394592285,0.5878475303264763
prefill,2048,1,17,custom_first,2.823199987411499,1.6619199514389038,0.5886653297142668
prefill,2048,1,18,baseline_first,2.8406078815460205,1.6578559875488281,0.5836271870957875
prefill,2048,1,19,custom_first,2.8355839252471924,1.6558400392532349,0.5839502842818827
prefill,2048,1,20,baseline_first,2.8549439907073975,1.6619199514389038,0.5821199844369324
prefill,8192,1,1,custom_first,13.767807960510254,6.856704235076904,0.49802439536807613
prefill,8192,1,2,baseline_first,14.409952163696289,6.837471961975098,0.47449650660194986
prefill,8192,1,3,custom_first,14.049311637878418,6.796351909637451,0.48374981528018596
prefill,8192,1,4,baseline_first,13.977631568908691,6.783999919891357,0.4853468834435032
prefill,8192,1,5,custom_first,13.87622356414795,6.780992031097412,0.48867705249557136
prefill,8192,1,6,baseline_first,13.988032341003418,6.7718400955200195,0.48411670279525876
prefill,8192,1,7,custom_first,13.828191757202148,6.702047824859619,0.48466552551015835
prefill,8192,1,8,baseline_first,13.91312026977539,6.685696125030518,0.48053175674434456
prefill,8192,1,9,custom_first,13.860992431640625,6.702047824859619,0.4835186122431456
prefill,8192,1,10,baseline_first,13.930591583251953,6.702176094055176,0.4811120944865589
prefill,8192,1,11,custom_first,13.796416282653809,6.698944091796875,0.48555682537786543
prefill,8192,1,12,baseline_first,13.885567665100098,6.680607795715332,0.48111881032464604
prefill,8192,1,13,custom_first,14.090399742126465,6.857823848724365,0.4867018661096843
prefill,8192,1,14,baseline_first,14.329824447631836,6.843232154846191,0.47755170901462873
prefill,8192,1,15,custom_first,13.809760093688965,6.712831974029541,0.4860933085359892
prefill,8192,1,16,baseline_first,13.969696044921875,6.703135967254639,0.479834059789103
prefill,8192,1,17,custom_first,13.8854398727417,6.773759841918945,0.48783185149333386
prefill,8192,1,18,baseline_first,13.936767578125,6.761695861816406,0.48516959358850836
prefill,8192,1,19,custom_first,13.824031829833984,6.800320148468018,0.49192017438733604
prefill,8192,1,20,baseline_first,14.052351951599121,6.792191982269287,0.48334912231516897
