M,round,direct_ms,two_kernel_ms,baseline_ms
1,1,0.15878400206565857,0.158720001578331,0.17308799922466278
1,2,0.15667200088500977,0.15875199437141418,0.17507199943065643
1,3,0.15887999534606934,0.15865600109100342,0.17507199943065643
1,4,0.15667200088500977,0.1586879938840866,0.175135999917984
1,5,0.15667200088500977,0.15859200060367584,0.17510400712490082
1,6,0.15663999319076538,0.15875199437141418,0.17510400712490082
1,7,0.15670399367809296,0.15878400206565857,0.1730239987373352
1,8,0.15647999942302704,0.1607999950647354,0.1730560064315796
1,9,0.158720001578331,0.158720001578331,0.17308799922466278
1,10,0.15875199437141418,0.15875199437141418,0.175135999917984
1,11,0.15670399367809296,0.15875199437141418,0.17507199943065643
1,12,0.15673600137233734,0.15875199437141418,0.1730560064315796
1,13,0.15663999319076538,0.158720001578331,0.1730560064315796
1,14,0.158720001578331,0.16073599457740784,0.17308799922466278
1,15,0.158720001578331,0.15875199437141418,0.17504000663757324
1,16,0.15670399367809296,0.15887999534606934,0.17308799922466278
1,17,0.15644800662994385,0.15875199437141418,0.17715199291706085
1,18,0.15875199437141418,0.158720001578331,0.175135999917984
1,19,0.15654399991035461,0.158720001578331,0.17318400740623474
1,20,0.15673600137233734,0.15881599485874176,0.1730239987373352
1,21,0.15670399367809296,0.158720001578331,0.1793919950723648
1,22,0.15667200088500977,0.158720001578331,0.17315199971199036
1,23,0.15465599298477173,0.158720001578331,0.17308799922466278
1,24,0.1568640023469925,0.1607999950647354,0.17507199943065643
1,25,0.158720001578331,0.15878400206565857,0.17308799922466278
1,26,0.15663999319076538,0.15891200304031372,0.17510400712490082
1,27,0.15651200711727142,0.15875199437141418,0.175135999917984
1,28,0.15667200088500977,0.15875199437141418,0.17308799922466278
1,29,0.15670399367809296,0.15875199437141418,0.17375999689102173
1,30,0.15836800634860992,0.15849600732326508,0.1730239987373352
4,1,0.1566080003976822,0.16092799603939056,0.18329599499702454
4,2,0.15875199437141418,0.16067199409008026,0.18329599499702454
4,3,0.15667200088500977,0.16060799360275269,0.18329599499702454
4,4,0.15462400019168854,0.1607999950647354,0.18534399569034576
4,5,0.15670399367809296,0.16076800227165222,0.18332800269126892
4,6,0.15651200711727142,0.16076800227165222,0.18502399325370789
4,7,0.15465599298477173,0.15875199437141418,0.18534399569034576
4,8,0.1566080003976822,0.16275200247764587,0.1852159947156906
4,9,0.1566080003976822,0.1607999950647354,0.18332800269126892
4,10,0.15670399367809296,0.16076800227165222,0.1812479943037033
4,11,0.15884800255298615,0.16073599457740784,0.18326400220394135
4,12,0.15462400019168854,0.1607999950647354,0.18534399569034576
4,13,0.15670399367809296,0.16076800227165222,0.18329599499702454
4,14,0.15465599298477173,0.1607999950647354,0.1833599954843521
4,15,0.15881599485874176,0.1607999950647354,0.18537600338459015
4,16,0.15673600137233734,0.1607999950647354,0.18540799617767334
4,17,0.15462400019168854,0.16076800227165222,0.1812800019979477
4,18,0.15676799416542053,0.16064000129699707,0.1812479943037033
4,19,0.16371199488639832,0.1607999950647354,0.18515199422836304
4,20,0.15465599298477173,0.16076800227165222,0.1812800019979477
4,21,0.15670399367809296,0.1607999950647354,0.1833599954843521
4,22,0.15465599298477173,0.16070400178432465,0.18534399569034576
4,23,0.1566080003976822,0.16076800227165222,0.18131199479103088
4,24,0.1586879938840866,0.1607999950647354,0.1812479943037033
4,25,0.15670399367809296,0.1608320027589798,0.18563200533390045
4,26,0.15670399367809296,0.16076800227165222,0.18540799617767334
4,27,0.15670399367809296,0.1607999950647354,0.18531200289726257
4,28,0.15670399367809296,0.1607999950647354,0.18556800484657288
4,29,0.15670399367809296,0.16073599457740784,0.18329599499702454
4,30,0.15459200739860535,0.16076800227165222,0.18534399569034576
16,1,0.14032000303268433,0.15059199929237366,0.18534399569034576
16,2,0.14032000303268433,0.15052799880504608,0.18534399569034576
16,3,0.14019200205802917,0.1525759994983673,0.1873600035905838
16,4,0.14022399485111237,0.15056000649929047,0.18537600338459015
16,5,0.14032000303268433,0.15059199929237366,0.18742400407791138
16,6,0.14032000303268433,0.15267199277877808,0.18537600338459015
16,7,0.14032000303268433,0.15056000649929047,0.18534399569034576
16,8,0.14028799533843994,0.15056000649929047,0.18537600338459015
16,9,0.14032000303268433,0.1526080071926117,0.18534399569034576
16,10,0.14028799533843994,0.15062400698661804,0.18742400407791138
16,11,0.14028799533843994,0.15056000649929047,0.18537600338459015
16,12,0.14028799533843994,0.1526080071926117,0.18534399569034576
16,13,0.14022399485111237,0.15056000649929047,0.18329599499702454
16,14,0.14028799533843994,0.1525759994983673,0.1955839991569519
16,15,0.14019200205802917,0.15263999998569489,0.18537600338459015
16,16,0.1383039951324463,0.15056000649929047,0.1833599954843521
16,17,0.14028799533843994,0.1526080071926117,0.18329599499702454
16,18,0.1403840035200119,0.15056000649929047,0.18531200289726257
16,19,0.14032000303268433,0.15056000649929047,0.1833599954843521
16,20,0.14035199582576752,0.15056000649929047,0.18544000387191772
16,21,0.14044800400733948,0.15433600544929504,0.18329599499702454
16,22,0.1382399946451187,0.15059199929237366,0.18531200289726257
16,23,0.14028799533843994,0.15056000649929047,0.18537600338459015
16,24,0.14028799533843994,0.15056000649929047,0.18544000387191772
16,25,0.14028799533843994,0.15056000649929047,0.18742400407791138
16,26,0.14025600254535675,0.15059199929237366,0.18540799617767334
16,27,0.14243200421333313,0.15056000649929047,0.18316799402236938
16,28,0.1382720023393631,0.15056000649929047,0.18531200289726257
16,29,0.14032000303268433,0.15052799880504608,0.18851199746131897
16,30,0.14044800400733948,0.15052799880504608,0.18534399569034576
64,1,0.14851200580596924,0.1812479943037033,0.20380799472332
64,2,0.15062400698661804,0.1812800019979477,0.2038400024175644
64,3,0.15056000649929047,0.1812479943037033,0.20576000213623047
64,4,0.14847999811172485,0.18326400220394135,0.20377600193023682
64,5,0.15263999998569489,0.1812800019979477,0.20790399610996246
64,6,0.1504639983177185,0.18115200102329254,0.20585599541664124
64,7,0.15052799880504608,0.18121600151062012,0.20582400262355804
64,8,0.14851200580596924,0.1791680008172989,0.20367999374866486
64,9,0.1525759994983673,0.18329599499702454,0.20374399423599243
64,10,0.14847999811172485,0.1812479943037033,0.20377600193023682
64,11,0.14851200580596924,0.1812479943037033,0.20377600193023682
64,12,0.15056000649929047,0.18332800269126892,0.20582400262355804
64,13,0.14847999811172485,0.18118399381637573,0.20585599541664124
64,14,0.1526080071926117,0.1833599954843521,0.20367999374866486
64,15,0.14854399859905243,0.18131199479103088,0.20479999482631683
64,16,0.14847999811172485,0.1802240014076233,0.20579199492931366
64,17,0.15263999998569489,0.18329599499702454,0.20374399423599243
64,18,0.14643199741840363,0.1812479943037033,0.20377600193023682
64,19,0.15052799880504608,0.1812479943037033,0.20374399423599243
64,20,0.15056000649929047,0.1812800019979477,0.20572799444198608
64,21,0.15043200552463531,0.1833599954843521,0.20579199492931366
64,22,0.1526080071926117,0.18134400248527527,0.20585599541664124
64,23,0.15052799880504608,0.1812479943037033,0.20790399610996246
64,24,0.1525759994983673,0.1812800019979477,0.20374399423599243
64,25,0.15065599977970123,0.1833920031785965,0.2038400024175644
64,26,0.15056000649929047,0.18137599527835846,0.20588800311088562
64,27,0.15039999783039093,0.1812800019979477,0.20582400262355804
64,28,0.15056000649929047,0.18121600151062012,0.20582400262355804
64,29,0.15056000649929047,0.1812479943037033,0.20377600193023682
64,30,0.15056000649929047,0.18131199479103088,0.20787200331687927
