M,batch,fused_median_ms,unfused_median_ms,speedup
1,1,0.07475200295448303,0.09932799637317657,1.3287670222516716
1,2,0.0748479999601841,0.09932799637317657,1.3270627996207618
1,3,0.07532799988985062,0.09932799637317657,1.3186065807989098
1,4,0.07475200295448303,0.09932799637317657,1.3287670222516716
1,5,0.07475200295448303,0.09935999661684036,1.329195107686162
1,6,0.07577600330114365,0.09932799637317657,1.3108107058435672
1,7,0.07481600344181061,0.09932799637317657,1.3276303438265127
4,1,0.07884799689054489,0.11163200065493584,1.4157874018017351
4,2,0.07884799689054489,0.11163200065493584,1.4157874018017351
4,3,0.07886399701237679,0.11164800077676773,1.4157030458302269
4,4,0.07884799689054489,0.11161600053310394,1.4155844781706617
4,5,0.07884799689054489,0.11161600053310394,1.4155844781706617
4,6,0.07886399701237679,0.11161600053310394,1.4152972809073716
4,7,0.07884799689054489,0.11161600053310394,1.4155844781706617
16,1,0.062463998794555664,0.1034879982471466,1.656762298992721
16,2,0.062463998794555664,0.10342399775981903,1.655737701007279
16,3,0.06239999830722809,0.10342399775981903,1.6574359064980766
16,4,0.062384000048041344,0.10345599800348282,1.6583739087556475
16,5,0.062463998794555664,0.10342399775981903,1.655737701007279
16,6,0.062463998794555664,0.10342399775981903,1.655737701007279
16,7,0.062463998794555664,0.10342399775981903,1.655737701007279
64,1,0.06247999891638756,0.11158400028944016,1.7859155285640276
64,2,0.062463998794555664,0.11160000041127205,1.7866291394235725
64,3,0.062463998794555664,0.11158400028944016,1.7863729899272118
64,4,0.06251199916005135,0.11164800077676773,1.7860251196080292
64,5,0.062463998794555664,0.11161600053310394,1.786885288919933
64,6,0.062463998794555664,0.11161600053310394,1.786885288919933
64,7,0.062463998794555664,0.11160000041127205,1.7866291394235725
