M,batch,round,fused_ms,unfused_ms
1,1,1,0.07475200295448303,0.09929600358009338
1,1,2,0.07475200295448303,0.09932799637317657
1,1,3,0.07475200295448303,0.09932799637317657
1,1,4,0.07475200295448303,0.09932799637317657
1,1,5,0.07577600330114365,0.09935999661684036
1,1,6,0.07475200295448303,0.09935999661684036
1,1,7,0.07577600330114365,0.09932799637317657
1,1,8,0.07680000364780426,0.09932799637317657
1,1,9,0.07475200295448303,0.09939199686050415
1,1,10,0.07475200295448303,0.09929600358009338
1,1,11,0.0737600028514862,0.09932799637317657
1,1,12,0.0727040022611618,0.09948799759149551
1,1,13,0.07577600330114365,0.097120001912117
1,1,14,0.07468800246715546,0.09932799637317657
1,1,15,0.07676800340414047,0.09945599734783173
1,1,16,0.07465600222349167,0.09932799637317657
1,1,17,0.07472000271081924,0.09929600358009338
1,1,18,0.07478400319814682,0.09932799637317657
1,1,19,0.07481600344181061,0.09932799637317657
1,1,20,0.0737600028514862,0.09935999661684036
1,2,1,0.07475200295448303,0.09929600358009338
1,2,2,0.07683199644088745,0.09798400104045868
1,2,3,0.07577600330114365,0.09932799637317657
1,2,4,0.07577600330114365,0.09932799637317657
1,2,5,0.07478400319814682,0.09932799637317657
1,2,6,0.07475200295448303,0.09920000284910202
1,2,7,0.07468800246715546,0.09932799637317657
1,2,8,0.07379200309515,0.10140799731016159
1,2,9,0.07472000271081924,0.09935999661684036
1,2,10,0.07577600330114365,0.09932799637317657
1,2,11,0.07478400319814682,0.09923200309276581
1,2,12,0.07660800218582153,0.09932799637317657
1,2,13,0.07580800354480743,0.09932799637317657
1,2,14,0.07491199672222137,0.09932799637317657
1,2,15,0.07577600330114365,0.09923200309276581
1,2,16,0.0737600028514862,0.09932799637317657
1,2,17,0.07372800260782242,0.09932799637317657
1,2,18,0.07475200295448303,0.09929600358009338
1,2,19,0.07577600330114365,0.09932799637317657
1,2,20,0.07680000364780426,0.09932799637317657
1,3,1,0.07680000364780426,0.09929600358009338
1,3,2,0.07692799717187881,0.09932799637317657
1,3,3,0.07680000364780426,0.10012800246477127
1,3,4,0.07465600222349167,0.09932799637317657
1,3,5,0.07475200295448303,0.09932799637317657
1,3,6,0.07475200295448303,0.09932799637317657
1,3,7,0.07475200295448303,0.0992640033364296
1,3,8,0.07475200295448303,0.09827200323343277
1,3,9,0.07680000364780426,0.09728000313043594
1,3,10,0.07580800354480743,0.09920000284910202
1,3,11,0.07686399668455124,0.09932799637317657
1,3,12,0.07577600330114365,0.09920000284910202
1,3,13,0.07465600222349167,0.09935999661684036
1,3,14,0.07475200295448303,0.10150399804115295
1,3,15,0.07475200295448303,0.10012800246477127
1,3,16,0.07487999647855759,0.09932799637317657
1,3,17,0.07680000364780426,0.09929600358009338
1,3,18,0.07664000242948532,0.09932799637317657
1,3,19,0.07683199644088745,0.09932799637317657
1,3,20,0.07379200309515,0.09932799637317657
1,4,1,0.07680000364780426,0.09932799637317657
1,4,2,0.07475200295448303,0.09929600358009338
1,4,3,0.07475200295448303,0.09935999661684036
1,4,4,0.07478400319814682,0.09932799637317657
1,4,5,0.07475200295448303,0.09932799637317657
1,4,6,0.07577600330114365,0.09932799637317657
1,4,7,0.0759039968252182,0.09929600358009338
1,4,8,0.07372800260782242,0.09932799637317657
1,4,9,0.07680000364780426,0.09932799637317657
1,4,10,0.07475200295448303,0.09932799637317657
1,4,11,0.07475200295448303,0.09920000284910202
1,4,12,0.0737600028514862,0.09932799637317657
1,4,13,0.07475200295448303,0.09920000284910202
1,4,14,0.07478400319814682,0.09932799637317657
1,4,15,0.07452800124883652,0.09929600358009338
1,4,16,0.07577600330114365,0.09935999661684036
1,4,17,0.0745600014925003,0.0992640033364296
1,4,18,0.07475200295448303,0.09932799637317657
1,4,19,0.07475200295448303,0.09932799637317657
1,4,20,0.07475200295448303,0.09939199686050415
1,5,1,0.07475200295448303,0.09935999661684036
1,5,2,0.0737600028514862,0.09932799637317657
1,5,3,0.07475200295448303,0.09935999661684036
1,5,4,0.07472000271081924,0.09948799759149551
1,5,5,0.07577600330114365,0.09920000284910202
1,5,6,0.07680000364780426,0.0992640033364296
1,5,7,0.07475200295448303,0.10009600222110748
1,5,8,0.07475200295448303,0.09935999661684036
1,5,9,0.07468800246715546,0.09935999661684036
1,5,10,0.07388799637556076,0.10140799731016159
1,5,11,0.07382400333881378,0.09935999661684036
1,5,12,0.07475200295448303,0.0992640033364296
1,5,13,0.07580800354480743,0.09932799637317657
1,5,14,0.07680000364780426,0.09923200309276581
1,5,15,0.07664000242948532,0.09935999661684036
1,5,16,0.07580800354480743,0.09935999661684036
1,5,17,0.07475200295448303,0.09932799637317657
1,5,18,0.07475200295448303,0.09935999661684036
1,5,19,0.07580800354480743,0.09929600358009338
1,5,20,0.07475200295448303,0.09932799637317657
1,6,1,0.07475200295448303,0.09932799637317657
1,6,2,0.07580800354480743,0.09935999661684036
1,6,3,0.07577600330114365,0.10025600343942642
1,6,4,0.07686399668455124,0.09932799637317657
1,6,5,0.07680000364780426,0.09929600358009338
1,6,6,0.07507199794054031,0.09932799637317657
1,6,7,0.07478400319814682,0.09932799637317657
1,6,8,0.07472000271081924,0.09932799637317657
1,6,9,0.07372800260782242,0.10140799731016159
1,6,10,0.07686399668455124,0.0992640033364296
1,6,11,0.07577600330114365,0.09932799637317657
1,6,12,0.07680000364780426,0.09929600358009338
1,6,13,0.07577600330114365,0.09932799637317657
1,6,14,0.07385600358247757,0.09932799637317657
1,6,15,0.07472000271081924,0.10003200173377991
1,6,16,0.07475200295448303,0.09932799637317657
1,6,17,0.07475200295448303,0.09923200309276581
1,6,18,0.07577600330114365,0.09929600358009338
1,6,19,0.07580800354480743,0.09916800260543823
1,6,20,0.07580800354480743,0.09932799637317657
1,7,1,0.07475200295448303,0.09932799637317657
1,7,2,0.07478400319814682,0.09932799637317657
1,7,3,0.07468800246715546,0.09932799637317657
1,7,4,0.07580800354480743,0.09935999661684036
1,7,5,0.07475200295448303,0.0992640033364296
1,7,6,0.07475200295448303,0.0992640033364296
1,7,7,0.0737600028514862,0.09929600358009338
1,7,8,0.07475200295448303,0.09929600358009338
1,7,9,0.07680000364780426,0.09945599734783173
1,7,10,0.07580800354480743,0.09932799637317657
1,7,11,0.07683199644088745,0.09929600358009338
1,7,12,0.07680000364780426,0.09932799637317657
1,7,13,0.07468800246715546,0.09932799637317657
1,7,14,0.07577600330114365,0.09939199686050415
1,7,15,0.07369600236415863,0.09935999661684036
1,7,16,0.07580800354480743,0.09932799637317657
1,7,17,0.07372800260782242,0.09932799637317657
1,7,18,0.07574400305747986,0.09932799637317657
1,7,19,0.0748480036854744,0.09948799759149551
1,7,20,0.07705599814653397,0.09932799637317657
4,1,1,0.07782399654388428,0.11241599917411804
4,1,2,0.07878399640321732,0.11164800077676773
4,1,3,0.07782399654388428,0.11161600053310394
4,1,4,0.08089599758386612,0.11164800077676773
4,1,5,0.07782399654388428,0.11264000087976456
4,1,6,0.07887999713420868,0.11193600296974182
4,1,7,0.07785599678754807,0.11158400028944016
4,1,8,0.07782399654388428,0.11164800077676773
4,1,9,0.08009599894285202,0.11158400028944016
4,1,10,0.08089599758386612,0.11158400028944016
4,1,11,0.07878399640321732,0.11158400028944016
4,1,12,0.07782399654388428,0.11241599917411804
4,1,13,0.0799039974808693,0.11363200098276138
4,1,14,0.07884799689054489,0.11161600053310394
4,1,15,0.0799039974808693,0.1136000007390976
4,1,16,0.0799039974808693,0.11161600053310394
4,1,17,0.07884799689054489,0.11161600053310394
4,1,18,0.08086399734020233,0.11161600053310394
4,1,19,0.07859200239181519,0.11161600053310394
4,1,20,0.0799039974808693,0.11164800077676773
4,2,1,0.07983999699354172,0.11161600053310394
4,2,2,0.07884799689054489,0.11161600053310394
4,2,3,0.08115199953317642,0.1117440015077591
4,2,4,0.07782399654388428,0.11161600053310394
4,2,5,0.07884799689054489,0.11161600053310394
4,2,6,0.0791039988398552,0.1117120012640953
4,2,7,0.07868800312280655,0.11158400028944016
4,2,8,0.0799039974808693,0.11164800077676773
4,2,9,0.07884799689054489,0.11164800077676773
4,2,10,0.0788159966468811,0.11161600053310394
4,2,11,0.07862400263547897,0.11366400122642517
4,2,12,0.07779199630022049,0.11164800077676773
4,2,13,0.0799039974808693,0.11043199896812439
4,2,14,0.07884799689054489,0.11168000102043152
4,2,15,0.07782399654388428,0.11164800077676773
4,2,16,0.07884799689054489,0.11135999858379364
4,2,17,0.0799039974808693,0.11161600053310394
4,2,18,0.07795199751853943,0.11161600053310394
4,2,19,0.07667200267314911,0.11164800077676773
4,2,20,0.0799039974808693,0.11164800077676773
4,3,1,0.0798719972372055,0.11164800077676773
4,3,2,0.07884799689054489,0.11164800077676773
4,3,3,0.07894399762153625,0.11161600053310394
4,3,4,0.0799039974808693,0.11180800199508667
4,3,5,0.07884799689054489,0.11164800077676773
4,3,6,0.08009599894285202,0.11164800077676773
4,3,7,0.07884799689054489,0.11343999952077866
4,3,8,0.07884799689054489,0.11161600053310394
4,3,9,0.07891199737787247,0.11161600053310394
4,3,10,0.0788159966468811,0.11267200112342834
4,3,11,0.07884799689054489,0.11161600053310394
4,3,12,0.07887999713420868,0.11161600053310394
4,3,13,0.07785599678754807,0.11161600053310394
4,3,14,0.0798719972372055,0.11366400122642517
4,3,15,0.0798719972372055,0.11369600147008896
4,3,16,0.07884799689054489,0.1117440015077591
4,3,17,0.07884799689054489,0.11155200004577637
4,3,18,0.07878399640321732,0.11366400122642517
4,3,19,0.0798719972372055,0.11161600053310394
4,3,20,0.0798719972372055,0.11168000102043152
4,4,1,0.07884799689054489,0.11161600053310394
4,4,2,0.07884799689054489,0.11161600053310394
4,4,3,0.0799039974808693,0.11187200248241425
4,4,4,0.0798719972372055,0.11155200004577637
4,4,5,0.07884799689054489,0.11161600053310394
4,4,6,0.07683199644088745,0.11164800077676773
4,4,7,0.07884799689054489,0.11158400028944016
4,4,8,0.07887999713420868,0.11366400122642517
4,4,9,0.07884799689054489,0.11164800077676773
4,4,10,0.07887999713420868,0.11043199896812439
4,4,11,0.0798719972372055,0.11164800077676773
4,4,12,0.07916799932718277,0.11164800077676773
4,4,13,0.07884799689054489,0.11366400122642517
4,4,14,0.0788159966468811,0.11161600053310394
4,4,15,0.07891199737787247,0.11164800077676773
4,4,16,0.0798719972372055,0.11161600053310394
4,4,17,0.07884799689054489,0.11158400028944016
4,4,18,0.07868800312280655,0.11161600053310394
4,4,19,0.07868800312280655,0.11161600053310394
4,4,20,0.07788799703121185,0.11155200004577637
4,5,1,0.0798719972372055,0.11164800077676773
4,5,2,0.0798719972372055,0.11177600175142288
4,5,3,0.07859200239181519,0.11161600053310394
4,5,4,0.07887999713420868,0.11161600053310394
4,5,5,0.07782399654388428,0.11164800077676773
4,5,6,0.07782399654388428,0.11161600053310394
4,5,7,0.07884799689054489,0.11161600053310394
4,5,8,0.0788159966468811,0.11161600053310394
4,5,9,0.07884799689054489,0.11161600053310394
4,5,10,0.0809599980711937,0.11161600053310394
4,5,11,0.07884799689054489,0.11264000087976456
4,5,12,0.07785599678754807,0.11161600053310394
4,5,13,0.07884799689054489,0.11161600053310394
4,5,14,0.07884799689054489,0.11161600053310394
4,5,15,0.07887999713420868,0.11161600053310394
4,5,16,0.07887999713420868,0.11161600053310394
4,5,17,0.07875200361013412,0.11366400122642517
4,5,18,0.08086399734020233,0.11142399907112122
4,5,19,0.0788159966468811,0.11158400028944016
4,5,20,0.07868800312280655,0.11161600053310394
4,6,1,0.08089599758386612,0.11161600053310394
4,6,2,0.0799039974808693,0.1136000007390976
4,6,3,0.0799039974808693,0.11161600053310394
4,6,4,0.07782399654388428,0.11161600053310394
4,6,5,0.07782399654388428,0.111455999314785
4,6,6,0.0788159966468811,0.11158400028944016
4,6,7,0.08089599758386612,0.11161600053310394
4,6,8,0.07868800312280655,0.11161600053310394
4,6,9,0.0798719972372055,0.11161600053310394
4,6,10,0.07891199737787247,0.11161600053310394
4,6,11,0.08089599758386612,0.11161600053310394
4,6,12,0.07865600287914276,0.11161600053310394
4,6,13,0.07872000336647034,0.11164800077676773
4,6,14,0.07887999713420868,0.11366400122642517
4,6,15,0.07782399654388428,0.11177600175142288
4,6,16,0.0791039988398552,0.11158400028944016
4,6,17,0.07884799689054489,0.11158400028944016
4,6,18,0.07878399640321732,0.11161600053310394
4,6,19,0.08009599894285202,0.11164800077676773
4,6,20,0.07782399654388428,0.11158400028944016
4,7,1,0.07862400263547897,0.1117440015077591
4,7,2,0.07782399654388428,0.11161600053310394
4,7,3,0.07878399640321732,0.11161600053310394
4,7,4,0.07887999713420868,0.11161600053310394
4,7,5,0.07887999713420868,0.11379200220108032
4,7,6,0.07891199737787247,0.11161600053310394
4,7,7,0.07875200361013412,0.11164800077676773
4,7,8,0.07887999713420868,0.11366400122642517
4,7,9,0.07782399654388428,0.11366400122642517
4,7,10,0.07782399654388428,0.11155200004577637
4,7,11,0.07680000364780426,0.11161600053310394
4,7,12,0.07891199737787247,0.11158400028944016
4,7,13,0.07884799689054489,0.11161600053310394
4,7,14,0.07891199737787247,0.11161600053310394
4,7,15,0.07785599678754807,0.11161600053310394
4,7,16,0.07884799689054489,0.11161600053310394
4,7,17,0.07872000336647034,0.11161600053310394
4,7,18,0.07887999713420868,0.11161600053310394
4,7,19,0.08089599758386612,0.1117120012640953
4,7,20,0.08092799782752991,0.11161600053310394
16,1,1,0.062431998550891876,0.10339199751615524
16,1,2,0.06351999938488007,0.10342399775981903
16,1,3,0.06147199869155884,3.3822720050811768
16,1,4,0.06348799914121628,0.2738879919052124
16,1,5,0.06272000074386597,0.10345599800348282
16,1,6,0.06143999844789505,0.10326399654150009
16,1,7,0.06147199869155884,0.10339199751615524
16,1,8,0.062463998794555664,0.1035199984908104
16,1,9,0.06345599889755249,0.10547199845314026
16,1,10,0.062463998794555664,0.10335999727249146
16,1,11,0.0623680017888546,0.10425599664449692
16,1,12,0.06358399987220764,0.1032319962978363
16,1,13,0.06233600154519081,0.10572800040245056
16,1,14,0.062463998794555664,0.10332799702882767
16,1,15,0.062463998794555664,0.10345599800348282
16,1,16,0.06249599903821945,0.10543999820947647
16,1,17,0.06259199976921082,0.10543999820947647
16,1,18,0.062431998550891876,0.10326399654150009
16,1,19,0.062463998794555664,0.10422399640083313
16,1,20,0.06249599903821945,0.10547199845314026
16,2,1,0.062463998794555664,0.1042879968881607
16,2,2,0.060447998344898224,0.10342399775981903
16,2,3,0.06249599903821945,0.10342399775981903
16,2,4,0.061503998935222626,0.10345599800348282
16,2,5,0.06143999844789505,0.10329599678516388
16,2,6,0.06143999844789505,0.10342399775981903
16,2,7,0.062463998794555664,0.1032319962978363
16,2,8,0.06451199948787689,0.10339199751615524
16,2,9,0.0626240000128746,0.10335999727249146
16,2,10,0.06143999844789505,0.10547199845314026
16,2,11,0.06265600025653839,0.10342399775981903
16,2,12,0.062463998794555664,0.10652799904346466
16,2,13,0.062463998794555664,0.1043199971318245
16,2,14,0.062463998794555664,0.10342399775981903
16,2,15,0.062463998794555664,0.10342399775981903
16,2,16,0.06143999844789505,0.10342399775981903
16,2,17,0.062463998794555664,0.10345599800348282
16,2,18,0.06143999844789505,0.10547199845314026
16,2,19,0.06348799914121628,0.1035199984908104
16,2,20,0.062463998794555664,0.1034879982471466
16,3,1,0.06140799820423126,0.10332799702882767
16,3,2,0.06147199869155884,0.10339199751615524
16,3,3,0.06143999844789505,0.10329599678516388
16,3,4,0.06143999844789505,0.10339199751615524
16,3,5,0.06252799928188324,0.10342399775981903
16,3,6,0.06348799914121628,0.10550399869680405
16,3,7,0.06249599903821945,0.10342399775981903
16,3,8,0.0623680017888546,0.10345599800348282
16,3,9,0.06224000081419945,0.10355199873447418
16,3,10,0.06239999830722809,0.10339199751615524
16,3,11,0.062463998794555664,0.10326399654150009
16,3,12,0.06351999938488007,0.10547199845314026
16,3,13,0.06230400130152702,0.10342399775981903
16,3,14,0.06233600154519081,0.10339199751615524
16,3,15,0.06143999844789505,0.10345599800348282
16,3,16,0.062431998550891876,0.10345599800348282
16,3,17,0.062463998794555664,0.10342399775981903
16,3,18,0.06239999830722809,0.10345599800348282
16,3,19,0.062463998794555664,0.10425599664449692
16,3,20,0.062463998794555664,0.10547199845314026
16,4,1,0.06249599903821945,0.10342399775981903
16,4,2,0.060416001826524734,0.10463999956846237
16,4,3,0.06143999844789505,0.10342399775981903
16,4,4,0.06249599903821945,0.10342399775981903
16,4,5,0.06249599903821945,0.10543999820947647
16,4,6,0.06230400130152702,0.10342399775981903
16,4,7,0.06147199869155884,0.10342399775981903
16,4,8,0.062463998794555664,0.10543999820947647
16,4,9,0.062463998794555664,0.10358399897813797
16,4,10,0.06259199976921082,0.10547199845314026
16,4,11,0.06230400130152702,0.10345599800348282
16,4,12,0.062463998794555664,0.10441599786281586
16,4,13,0.06147199869155884,0.10345599800348282
16,4,14,0.06351999938488007,0.10540799796581268
16,4,15,0.06147199869155884,0.10342399775981903
16,4,16,0.06147199869155884,0.10367999970912933
16,4,17,0.06252799928188324,0.10339199751615524
16,4,18,0.06255999952554703,1.2825920581817627
16,4,19,0.06143999844789505,0.10345599800348282
16,4,20,0.06143999844789505,0.10342399775981903
16,5,1,0.06348799914121628,0.10339199751615524
16,5,2,0.062431998550891876,0.10339199751615524
16,5,3,0.062463998794555664,0.10342399775981903
16,5,4,0.06140799820423126,0.10339199751615524
16,5,5,0.06255999952554703,0.10342399775981903
16,5,6,0.0644799992442131,0.10339199751615524
16,5,7,0.062463998794555664,0.10550399869680405
16,5,8,0.0626240000128746,0.10345599800348282
16,5,9,0.062463998794555664,0.10518400371074677
16,5,10,0.062463998794555664,0.10342399775981903
16,5,11,0.062431998550891876,0.10342399775981903
16,5,12,0.0623680017888546,0.10339199751615524
16,5,13,0.06351999938488007,0.10355199873447418
16,5,14,0.06143999844789505,0.10547199845314026
16,5,15,0.062463998794555664,0.10339199751615524
16,5,16,0.0623680017888546,0.10345599800348282
16,5,17,0.06272000074386597,0.10342399775981903
16,5,18,0.06147199869155884,0.10342399775981903
16,5,19,0.06143999844789505,0.10364799946546555
16,5,20,0.062463998794555664,0.10339199751615524
16,6,1,0.06272000074386597,0.10540799796581268
16,6,2,0.062431998550891876,0.10342399775981903
16,6,3,0.06147199869155884,0.10361599922180176
16,6,4,0.062463998794555664,0.10342399775981903
16,6,5,0.062272001057863235,0.10342399775981903
16,6,6,0.06140799820423126,0.10345599800348282
16,6,7,0.062463998794555664,0.10342399775981903
16,6,8,0.06249599903821945,0.10342399775981903
16,6,9,0.06351999938488007,0.10342399775981903
16,6,10,0.061535999178886414,0.10342399775981903
16,6,11,0.062431998550891876,0.10335999727249146
16,6,12,0.06054399907588959,0.10345599800348282
16,6,13,0.062463998794555664,0.10342399775981903
16,6,14,0.062463998794555664,0.10326399654150009
16,6,15,0.06143999844789505,0.10387200117111206
16,6,16,0.062463998794555664,0.10342399775981903
16,6,17,0.062463998794555664,0.10342399775981903
16,6,18,0.062463998794555664,0.10342399775981903
16,6,19,0.06143999844789505,0.10339199751615524
16,6,20,0.06249599903821945,0.10342399775981903
16,7,1,0.062463998794555664,0.10342399775981903
16,7,2,0.06451199948787689,0.10342399775981903
16,7,3,0.062431998550891876,0.10364799946546555
16,7,4,0.06451199948787689,0.10342399775981903
16,7,5,0.06147199869155884,0.10342399775981903
16,7,6,0.06143999844789505,0.10342399775981903
16,7,7,0.06143999844789505,0.10335999727249146
16,7,8,0.062463998794555664,0.10339199751615524
16,7,9,0.06268800050020218,0.10345599800348282
16,7,10,0.06147199869155884,0.10339199751615524
16,7,11,0.06230400130152702,0.10342399775981903
16,7,12,0.06249599903821945,0.10342399775981903
16,7,13,0.06252799928188324,0.10342399775981903
16,7,14,0.06143999844789505,0.10342399775981903
16,7,15,0.06351999938488007,0.10342399775981903
16,7,16,0.06348799914121628,0.10332799702882767
16,7,17,0.061503998935222626,0.10342399775981903
16,7,18,0.062463998794555664,0.10345599800348282
16,7,19,0.062463998794555664,0.10329599678516388
16,7,20,0.062463998794555664,0.10345599800348282
64,1,1,0.0623680017888546,0.11158400028944016
64,1,2,0.06454399973154068,0.11158400028944016
64,1,3,0.0605119988322258,0.10943999886512756
64,1,4,0.062463998794555664,0.11161600053310394
64,1,5,0.062463998794555664,0.11161600053310394
64,1,6,0.06348799914121628,0.11151999980211258
64,1,7,0.06454399973154068,0.11158400028944016
64,1,8,0.06351999938488007,0.1125119999051094
64,1,9,0.06351999938488007,0.11158400028944016
64,1,10,0.06230400130152702,0.1117120012640953
64,1,11,0.06249599903821945,0.1117120012640953
64,1,12,0.062463998794555664,0.11155200004577637
64,1,13,0.062431998550891876,0.11161600053310394
64,1,14,0.06249599903821945,0.11161600053310394
64,1,15,0.06252799928188324,0.11161600053310394
64,1,16,0.062463998794555664,0.11158400028944016
64,1,17,0.06351999938488007,0.11158400028944016
64,1,18,0.06239999830722809,0.11158400028944016
64,1,19,0.062463998794555664,0.11161600053310394
64,1,20,0.06252799928188324,0.11036799848079681
64,2,1,0.06147199869155884,0.111455999314785
64,2,2,0.061535999178886414,0.11059200018644333
64,2,3,0.06224000081419945,0.11158400028944016
64,2,4,0.062463998794555664,0.11184000223875046
64,2,5,0.0644799992442131,0.11161600053310394
64,2,6,0.06348799914121628,0.11161600053310394
64,2,7,0.06431999802589417,0.11161600053310394
64,2,8,0.06147199869155884,0.10953599959611893
64,2,9,0.062463998794555664,0.11161600053310394
64,2,10,0.0623680017888546,0.1117120012640953
64,2,11,0.06230400130152702,0.11158400028944016
64,2,12,0.06147199869155884,0.10953599959611893
64,2,13,0.062463998794555664,0.11158400028944016
64,2,14,0.062463998794555664,0.11158400028944016
64,2,15,0.062463998794555664,0.11161600053310394
64,2,16,0.06348799914121628,0.11161600053310394
64,2,17,0.062463998794555664,0.10953599959611893
64,2,18,0.06348799914121628,0.11158400028944016
64,2,19,0.06351999938488007,0.11161600053310394
64,2,20,0.06143999844789505,0.11161600053310394
64,3,1,0.062463998794555664,0.11158400028944016
64,3,2,0.062463998794555664,0.11366400122642517
64,3,3,0.062431998550891876,0.11161600053310394
64,3,4,0.062463998794555664,0.11158400028944016
64,3,5,0.062463998794555664,0.11158400028944016
64,3,6,0.06451199948787689,0.11161600053310394
64,3,7,0.062431998550891876,0.11155200004577637
64,3,8,0.06351999938488007,0.11177600175142288
64,3,9,0.06348799914121628,0.11161600053310394
64,3,10,0.062463998794555664,0.11353600025177002
64,3,11,0.062463998794555664,0.11158400028944016
64,3,12,0.06345599889755249,0.111455999314785
64,3,13,0.06230400130152702,0.11158400028944016
64,3,14,0.06249599903821945,0.11158400028944016
64,3,15,0.06233600154519081,0.11164800077676773
64,3,16,0.06345599889755249,0.10956799983978271
64,3,17,0.06249599903821945,0.11158400028944016
64,3,18,0.06470400094985962,0.11164800077676773
64,3,19,0.061503998935222626,0.11142399907112122
64,3,20,0.06249599903821945,0.11158400028944016
64,4,1,0.06351999938488007,0.11164800077676773
64,4,2,0.062463998794555664,0.11158400028944016
64,4,3,0.062431998550891876,0.10953599959611893
64,4,4,0.06345599889755249,0.1157120019197464
64,4,5,0.062463998794555664,0.11187200248241425
64,4,6,0.06348799914121628,0.11158400028944016
64,4,7,0.06351999938488007,0.11366400122642517
64,4,8,0.06220800057053566,0.11161600053310394
64,4,9,0.062463998794555664,0.1117120012640953
64,4,10,0.06259199976921082,0.10940799862146378
64,4,11,0.06361600011587143,0.11161600053310394
64,4,12,0.06252799928188324,0.1117120012640953
64,4,13,0.062463998794555664,0.11168000102043152
64,4,14,0.061503998935222626,0.11196800321340561
64,4,15,0.06143999844789505,0.11161600053310394
64,4,16,0.06249599903821945,0.11158400028944016
64,4,17,0.06348799914121628,0.11168000102043152
64,4,18,0.06249599903821945,0.11164800077676773
64,4,19,0.06345599889755249,0.11161600053310394
64,4,20,0.06252799928188324,0.11376000195741653
64,5,1,0.06249599903821945,0.11161600053310394
64,5,2,0.062463998794555664,0.11158400028944016
64,5,3,0.062431998550891876,0.11164800077676773
64,5,4,0.062463998794555664,0.11164800077676773
64,5,5,0.062463998794555664,0.11164800077676773
64,5,6,0.062431998550891876,0.11158400028944016
64,5,7,0.06220800057053566,0.11158400028944016
64,5,8,0.06348799914121628,0.11161600053310394
64,5,9,0.06249599903821945,0.11151999980211258
64,5,10,0.0626240000128746,0.11168000102043152
64,5,11,0.062431998550891876,0.11161600053310394
64,5,12,0.06147199869155884,0.11184000223875046
64,5,13,0.06239999830722809,0.11366400122642517
64,5,14,0.062463998794555664,0.11161600053310394
64,5,15,0.0626240000128746,0.11158400028944016
64,5,16,0.06348799914121628,0.11155200004577637
64,5,17,0.06351999938488007,0.11142399907112122
64,5,18,0.06345599889755249,0.11164800077676773
64,5,19,0.062431998550891876,0.11366400122642517
64,5,20,0.06451199948787689,0.11161600053310394
64,6,1,0.062463998794555664,0.11158400028944016
64,6,2,0.0623680017888546,0.11168000102043152
64,6,3,0.062463998794555664,0.11366400122642517
64,6,4,0.06233600154519081,0.11158400028944016
64,6,5,0.062463998794555664,0.11164800077676773
64,6,6,0.06230400130152702,0.11363200098276138
64,6,7,0.062463998794555664,0.11164800077676773
64,6,8,0.06351999938488007,0.11161600053310394
64,6,9,0.06233600154519081,0.11158400028944016
64,6,10,0.062463998794555664,0.11158400028944016
64,6,11,0.062463998794555664,0.10956799983978271
64,6,12,0.062463998794555664,0.11161600053310394
64,6,13,0.06143999844789505,0.11184000223875046
64,6,14,0.06230400130152702,0.11164800077676773
64,6,15,0.06252799928188324,0.11164800077676773
64,6,16,0.06345599889755249,0.11158400028944016
64,6,17,0.062431998550891876,0.11164800077676773
64,6,18,0.06147199869155884,0.10950399935245514
64,6,19,0.06143999844789505,0.11158400028944016
64,6,20,0.062463998794555664,0.11158400028944016
64,7,1,0.06451199948787689,0.11164800077676773
64,7,2,0.06451199948787689,0.1117440015077591
64,7,3,0.06355199962854385,0.11158400028944016
64,7,4,0.0644799992442131,0.1122559979557991
64,7,5,0.062431998550891876,0.11155200004577637
64,7,6,0.06239999830722809,0.111455999314785
64,7,7,0.06140799820423126,0.11155200004577637
64,7,8,0.062463998794555664,0.1117120012640953
64,7,9,0.06272000074386597,0.11161600053310394
64,7,10,0.062463998794555664,0.11164800077676773
64,7,11,0.062431998550891876,0.11363200098276138
64,7,12,0.06351999938488007,0.11023999750614166
64,7,13,0.06143999844789505,0.11155200004577637
64,7,14,0.06351999938488007,0.11158400028944016
64,7,15,0.06249599903821945,0.11164800077676773
64,7,16,0.062463998794555664,0.111455999314785
64,7,17,0.062272001057863235,0.11161600053310394
64,7,18,0.062463998794555664,0.11363200098276138
64,7,19,0.06249599903821945,0.11055999994277954
64,7,20,0.062463998794555664,0.11158400028944016
