M,round,fused_external_amax_ms,unfused_ms
1,1,0.06566400080919266,0.09935999661684036
1,2,0.06351999938488007,0.09932799637317657
1,3,0.0634239986538887,0.09935999661684036
1,4,0.06355199962854385,0.09935999661684036
1,5,0.06351999938488007,0.09932799637317657
1,6,0.0663679987192154,0.09920000284910202
1,7,0.0655359998345375,0.09932799637317657
1,8,0.0655359998345375,0.0995199978351593
1,9,0.0655359998345375,0.09929600358009338
1,10,0.06351999938488007,0.09929600358009338
1,11,0.06351999938488007,0.09929600358009338
1,12,0.06351999938488007,0.0992640033364296
1,13,0.06351999938488007,0.09958399832248688
1,14,0.06543999910354614,0.09923200309276581
1,15,0.06540799885988235,0.09935999661684036
1,16,0.0655359998345375,0.09932799637317657
1,17,0.06351999938488007,0.09932799637317657
1,18,0.06348799914121628,0.09932799637317657
1,19,0.06348799914121628,0.09932799637317657
1,20,0.06348799914121628,0.09932799637317657
1,21,0.06348799914121628,0.09932799637317657
1,22,0.06572800129652023,0.09932799637317657
1,23,0.0655359998345375,0.09974399954080582
1,24,0.0655680000782013,0.09935999661684036
1,25,0.0655680000782013,0.0992640033364296
1,26,0.06348799914121628,0.09929600358009338
1,27,0.06454399973154068,0.09932799637317657
1,28,0.06348799914121628,0.09935999661684036
1,29,0.06348799914121628,0.09920000284910202
1,30,0.06355199962854385,0.09932799637317657
4,1,0.07388799637556076,0.11203200370073318
4,2,0.07580800354480743,0.11161600053310394
4,3,0.07577600330114365,0.11161600053310394
4,4,0.0737600028514862,0.11164800077676773
4,5,0.07558400183916092,0.11161600053310394
4,6,0.07577600330114365,0.11164800077676773
4,7,0.07369600236415863,0.11155200004577637
4,8,0.07372800260782242,0.11161600053310394
4,9,0.07372800260782242,0.11161600053310394
4,10,0.07583999633789062,0.11363200098276138
4,11,0.07580800354480743,0.11161600053310394
4,12,0.07577600330114365,0.11161600053310394
4,13,0.07680000364780426,0.1117440015077591
4,14,0.07475200295448303,0.11151999980211258
4,15,0.0737600028514862,0.11158400028944016
4,16,0.07372800260782242,0.11161600053310394
4,17,0.0737600028514862,0.11168000102043152
4,18,0.07475200295448303,0.11148799955844879
4,19,0.07580800354480743,0.11161600053310394
4,20,0.07580800354480743,0.11158400028944016
4,21,0.07577600330114365,0.11369600147008896
4,22,0.07577600330114365,0.11161600053310394
4,23,0.07372800260782242,0.11164800077676773
4,24,0.07372800260782242,0.1125440001487732
4,25,0.07369600236415863,0.11161600053310394
4,26,0.0737600028514862,0.11161600053310394
4,27,0.07580800354480743,0.11161600053310394
4,28,0.07580800354480743,0.11161600053310394
4,29,0.07475200295448303,0.1117440015077591
4,30,0.07372800260782242,0.11158400028944016
16,1,0.06143999844789505,0.10342399775981903
16,2,0.06143999844789505,0.10367999970912933
16,3,0.06143999844789505,0.10342399775981903
16,4,0.06028800085186958,0.10335999727249146
16,5,0.06169600039720535,0.10345599800348282
16,6,0.06143999844789505,0.10332799702882767
16,7,0.06143999844789505,0.10342399775981903
16,8,0.06143999844789505,0.10329599678516388
16,9,0.0634239986538887,0.10342399775981903
16,10,0.06143999844789505,0.10345599800348282
16,11,0.06147199869155884,0.10547199845314026
16,12,0.06147199869155884,0.10345599800348282
16,13,0.06147199869155884,0.10339199751615524
16,14,0.0613120011985302,0.10345599800348282
16,15,0.06147199869155884,0.10550399869680405
16,16,0.062463998794555664,0.10342399775981903
16,17,0.062463998794555664,0.10342399775981903
16,18,0.062463998794555664,0.10342399775981903
16,19,0.06220800057053566,0.10339199751615524
16,20,0.062463998794555664,0.10339199751615524
16,21,0.06143999844789505,0.10335999727249146
16,22,0.06143999844789505,0.10342399775981903
16,23,0.06143999844789505,0.1032319962978363
16,24,0.06143999844789505,0.10326399654150009
16,25,0.06143999844789505,0.10547199845314026
16,26,0.06147199869155884,0.10543999820947647
16,27,0.06143999844789505,0.10342399775981903
16,28,0.06348799914121628,0.10566399991512299
16,29,0.06147199869155884,0.10342399775981903
16,30,0.0613120011985302,0.10576000064611435
64,1,0.0623680017888546,0.11158400028944016
64,2,0.06259199976921082,0.10956799983978271
64,3,0.06147199869155884,0.11161600053310394
64,4,0.06348799914121628,0.11161600053310394
64,5,0.06143999844789505,0.11161600053310394
64,6,0.06348799914121628,0.11161600053310394
64,7,0.062463998794555664,0.10972800105810165
64,8,0.06351999938488007,0.11161600053310394
64,9,0.06355199962854385,0.11161600053310394
64,10,0.06259199976921082,0.11155200004577637
64,11,0.062463998794555664,0.11161600053310394
64,12,0.062463998794555664,0.11161600053310394
64,13,0.06348799914121628,0.11164800077676773
64,14,0.06147199869155884,0.11148799955844879
64,15,0.06239999830722809,0.11158400028944016
64,16,0.062463998794555664,0.11161600053310394
64,17,0.06255999952554703,0.11158400028944016
64,18,0.062463998794555664,0.1117120012640953
64,19,0.06249599903821945,0.11158400028944016
64,20,0.06249599903821945,0.11184000223875046
64,21,0.06454399973154068,0.1106560006737709
64,22,0.062431998550891876,0.11161600053310394
64,23,0.062431998550891876,0.11158400028944016
64,24,0.06259199976921082,0.11158400028944016
64,25,0.06143999844789505,0.11158400028944016
64,26,0.06348799914121628,0.11347199976444244
64,27,0.06348799914121628,0.11158400028944016
64,28,0.06147199869155884,0.11142399907112122
64,29,0.062463998794555664,0.1117120012640953
64,30,0.06249599903821945,0.11158400028944016
