M,round,order,blocked_ms,interleaved_ms,speedup
4,1,blocked_first,0.1096000000834465,0.10956799983978271,1.0002920582990524
4,2,interleaved_first,0.10956799983978271,0.10950399935245514,1.0005844579897176
4,3,blocked_first,0.10751999914646149,0.10755199939012527,0.999702467235893
4,4,interleaved_first,0.10953599959611893,0.10937599837779999,1.0014628549287958
4,5,blocked_first,0.1093439981341362,0.10950399935245514,0.9985388550257059
4,6,interleaved_first,0.10755199939012527,0.10953599959611893,0.981887231473588
4,7,blocked_first,0.10956799983978271,0.10969600081443787,0.9988331299800831
4,8,interleaved_first,0.10947199910879135,0.10751999914646149,1.0181547616985274
4,9,blocked_first,0.10937599837779999,0.10751999914646149,1.0172618977499275
4,10,interleaved_first,0.1096000000834465,0.1096000000834465,1.0
4,11,blocked_first,0.10956799983978271,0.10953599959611893,1.0002921436220218
4,12,interleaved_first,0.10953599959611893,0.10751999914646149,1.0187500043309272
4,13,blocked_first,0.1096000000834465,0.10947199910879135,1.001169257670429
4,14,interleaved_first,0.10956799983978271,0.10956799983978271,1.0
4,15,blocked_first,0.10751999914646149,0.1096000000834465,0.981021889275535
4,16,interleaved_first,0.10956799983978271,0.10758399963378906,1.0184414059037319
4,17,blocked_first,0.1096000000834465,0.1096000000834465,1.0
4,18,interleaved_first,0.10969600081443787,0.10953599959611893,1.001460718110109
4,19,blocked_first,0.10751999914646149,0.1074879989027977,1.0002977099210184
4,20,interleaved_first,0.10745599865913391,0.10950399935245514,0.9812974804077299
4,21,blocked_first,0.1096000000834465,0.1096000000834465,1.0
4,22,interleaved_first,0.10956799983978271,0.10953599959611893,1.0002921436220218
4,23,blocked_first,0.10956799983978271,0.10943999886512756,1.0011695995612435
4,24,interleaved_first,0.10751999914646149,0.1074879989027977,1.0002977099210184
4,25,blocked_first,0.10969600081443787,0.1096000000834465,1.0008759190777214
4,26,interleaved_first,0.1096000000834465,0.10953599959611893,1.0005842872440436
4,27,blocked_first,0.1096000000834465,0.1096000000834465,1.0
4,28,interleaved_first,0.10956799983978271,0.10751999914646149,1.019047625647127
4,29,blocked_first,0.10947199910879135,0.10755199939012527,1.0178518272979904
4,30,interleaved_first,0.1096000000834465,0.10755199939012527,1.0190419583544186
16,1,blocked_first,0.10953599959611893,0.10956799983978271,0.9997079417009476
16,2,interleaved_first,0.10953599959611893,0.10953599959611893,1.0
16,3,blocked_first,0.11161600053310394,0.10972800105810165,1.0172061776100576
16,4,interleaved_first,0.10956799983978271,0.10956799983978271,1.0
16,5,blocked_first,0.10950399935245514,0.10956799983978271,0.999415883401895
16,6,interleaved_first,0.10956799983978271,0.10956799983978271,1.0
16,7,blocked_first,0.10953599959611893,0.10956799983978271,0.9997079417009476
16,8,interleaved_first,0.10953599959611893,0.10956799983978271,0.9997079417009476
16,9,blocked_first,0.10956799983978271,0.1096000000834465,0.9997080269740929
16,10,interleaved_first,0.10950399935245514,0.10953599959611893,0.9997078563779782
16,11,blocked_first,0.10956799983978271,0.10956799983978271,1.0
16,12,interleaved_first,0.11139199882745743,0.10956799983978271,1.0166471870467826
16,13,blocked_first,0.10956799983978271,0.10956799983978271,1.0
16,14,interleaved_first,0.1096000000834465,0.10953599959611893,1.0005842872440436
16,15,blocked_first,0.10956799983978271,0.1096000000834465,0.9997080269740929
16,16,interleaved_first,0.10953599959611893,0.10956799983978271,0.9997079417009476
16,17,blocked_first,0.10956799983978271,0.10956799983978271,1.0
16,18,interleaved_first,0.10953599959611893,0.11164800077676773,0.9810833945439685
16,19,blocked_first,0.10966400057077408,0.10956799983978271,1.0008761748971573
16,20,interleaved_first,0.10940799862146378,0.10956799983978271,0.9985397085047377
16,21,blocked_first,0.10953599959611893,0.10947199910879135,1.0005846288352145
16,22,interleaved_first,0.11043199896812439,0.10953599959611893,1.0081799533971405
16,23,blocked_first,0.10956799983978271,0.1096000000834465,0.9997080269740929
16,24,interleaved_first,0.1096000000834465,0.1096000000834465,1.0
16,25,blocked_first,0.10963200032711029,0.10956799983978271,1.0005841165981049
16,26,interleaved_first,0.10956799983978271,0.10953599959611893,1.0002921436220218
16,27,blocked_first,0.10950399935245514,0.10956799983978271,0.999415883401895
16,28,interleaved_first,0.1096000000834465,0.1096000000834465,1.0
16,29,blocked_first,0.10953599959611893,0.10956799983978271,0.9997079417009476
16,30,interleaved_first,0.10956799983978271,0.10947199910879135,1.0008769432528217
64,1,blocked_first,0.14028799533843994,0.14025600254535675,1.0002281028441036
64,2,interleaved_first,0.14025600254535675,0.1382720023393631,1.014348531679785
64,3,blocked_first,0.14028799533843994,0.14025600254535675,1.0002281028441036
64,4,interleaved_first,0.14028799533843994,0.1382399946451187,1.014814820404028
64,5,blocked_first,0.13820800185203552,0.14025600254535675,0.985398124457034
64,6,interleaved_first,0.14028799533843994,0.13833600282669067,1.0141105169432627
64,7,blocked_first,0.14028799533843994,0.14028799533843994,1.0
64,8,interleaved_first,0.14025600254535675,0.1382399946451187,1.01458339104695
64,9,blocked_first,0.1404159963130951,0.14028799533843994,1.0009124157369726
64,10,interleaved_first,0.14032000303268433,0.13817599415779114,1.0155165076825488
64,11,blocked_first,0.13833600282669067,0.14025600254535675,0.9863107483186313
64,12,interleaved_first,0.14025600254535675,0.1382399946451187,1.01458339104695
64,13,blocked_first,0.14025600254535675,0.14032000303268433,0.9995438961948093
64,14,interleaved_first,0.14022399485111237,0.14032000303268433,0.999315791195147
64,15,blocked_first,0.1382399946451187,0.1382399946451187,1.0
64,16,interleaved_first,0.14028799533843994,0.14025600254535675,1.0002281028441036
64,17,blocked_first,0.14025600254535675,0.1382399946451187,1.01458339104695
64,18,interleaved_first,0.14032000303268433,0.13820800185203552,1.015281323457016
64,19,blocked_first,0.14028799533843994,0.14028799533843994,1.0
64,20,interleaved_first,0.14028799533843994,0.14028799533843994,1.0
64,21,blocked_first,0.14028799533843994,0.1401599943637848,1.0009132489997319
64,22,interleaved_first,0.14022399485111237,0.14028799533843994,0.9995437921315137
64,23,blocked_first,0.14028799533843994,0.14028799533843994,1.0
64,24,interleaved_first,0.14025600254535675,0.13833600282669067,1.01387924820317
64,25,blocked_first,0.1382399946451187,0.13820800185203552,1.0002314829290235
64,26,interleaved_first,0.1382720023393631,0.14028799533843994,0.9856296114702235
64,27,blocked_first,0.13833600282669067,0.1382399946451187,1.0006945036551718
64,28,interleaved_first,0.14028799533843994,0.14028799533843994,1.0
64,29,blocked_first,0.13820800185203552,0.14035199582576752,0.9847241646895172
64,30,interleaved_first,0.14028799533843994,0.1401599943637848,1.0009132489997319
