layer,M,N,K,tile,batch,custom_median_ms,cublaslt_median_ms,speedup
qkv,1,10240,8192,64x128x128,1,0.0297279991209507,0.03174399957060814,1.0678148718134437
qkv,1,10240,8192,64x128x128,2,0.0297279991209507,0.03174399957060814,1.0678148718134437
qkv,1,10240,8192,64x128x128,3,0.0297279991209507,0.03174399957060814,1.0678148718134437
qkv,1,10240,8192,64x128x128,4,0.0297279991209507,0.03174399957060814,1.0678148718134437
qkv,1,10240,8192,64x128x128,5,0.02969600073993206,0.03174399957060814,1.0689654761464948
qkv,1,10240,8192,64x128x128,6,0.02969600073993206,0.03174399957060814,1.0689654761464948
qkv,1,10240,8192,64x128x128,7,0.02969600073993206,0.03174399957060814,1.0689654761464948
gate_up,16,57344,8192,64x64x128,1,0.0952640026807785,0.09728000313043594,1.0211622479942701
gate_up,16,57344,8192,64x64x128,2,0.0952640026807785,0.09728000313043594,1.0211622479942701
gate_up,16,57344,8192,64x64x128,3,0.09523200243711472,0.09728000313043594,1.0215053830740732
gate_up,16,57344,8192,64x64x128,4,0.09523200243711472,0.09728000313043594,1.0215053830740732
gate_up,16,57344,8192,64x64x128,5,0.09523200243711472,0.09728000313043594,1.0215053830740732
gate_up,16,57344,8192,64x64x128,6,0.0952640026807785,0.09729600325226784,1.0213302035848566
gate_up,16,57344,8192,64x64x128,7,0.0952640026807785,0.09728000313043594,1.0211622479942701
gate_up,64,57344,8192,64x64x128,1,0.09531200304627419,0.09728000313043594,1.020647977392798
gate_up,64,57344,8192,64x64x128,2,0.0952640026807785,0.09728000313043594,1.0211622479942701
gate_up,64,57344,8192,64x64x128,3,0.09728000313043594,0.09728000313043594,1.0
gate_up,64,57344,8192,64x64x128,4,0.09532800316810608,0.09728000313043594,1.0204766689478182
gate_up,64,57344,8192,64x64x128,5,0.09531200304627419,0.09728000313043594,1.020647977392798
gate_up,64,57344,8192,64x64x128,6,0.09726400300860405,0.09728000313043594,1.0001645019877548
gate_up,64,57344,8192,64x64x128,7,0.09529600292444229,0.09728000313043594,1.0208193433628765
