layer,M,N,K,tile_64x64x128_ms,tile_64x128x128_ms,cublaslt_ms,best_tile,best_cutlass_ms,cutlass_speedup,n64_vs_fp32_rel_l2,n128_vs_fp32_rel_l2,cublas_vs_fp32_rel_l2,n64_vs_n128_rel_l2,n64_vs_cublas_rel_l2
qkv,1,10240,8192,0.031808000057935715,0.0297279991209507,0.03174399957060814,64x128x128,0.0297279991209507,1.0678148718134437,0.001643405295908451,0.001643405295908451,0.001643405295908451,0.0,3.458890432739281e-06
qkv,4,10240,8192,0.03379200026392937,0.02971199993044138,0.02971199993044138,64x128x128,0.02971199993044138,1.0,0.001668964046984911,0.001668964046984911,0.0016689639305695891,0.0,5.9129066357854754e-05
qkv,16,10240,8192,0.02969600073993206,0.02768000029027462,0.027648000046610832,64x128x128,0.02768000029027462,0.9988439218450792,0.0016540096839889884,0.0016540096839889884,0.0016540096839889884,0.0,0.0
qkv,64,10240,8192,0.02969600073993206,0.027664000168442726,0.025615999475121498,64x128x128,0.027664000168442726,0.9259687434625795,0.0016538433264940977,0.0016538433264940977,0.0016538433264940977,0.0,0.0
o,1,8192,8192,0.025599999353289604,0.027648000046610832,0.023552000522613525,64x64x128,0.025599999353289604,0.9200000436557468,0.0016553482273593545,0.0016553482273593545,0.0016553482273593545,0.0,0.0
o,4,8192,8192,0.025631999596953392,0.027648000046610832,0.021503999829292297,64x64x128,0.025631999596953392,0.8389513173934449,0.0016385284252464771,0.0016385284252464771,0.0016385284252464771,0.0,0.0
o,16,8192,8192,0.023552000522613525,0.025599999353289604,0.021503999829292297,64x64x128,0.023552000522613525,0.9130434507525238,0.0016545281978324056,0.0016545281978324056,0.0016545281978324056,0.0,0.0
o,64,8192,8192,0.023552000522613525,0.025599999353289604,0.021536000072956085,64x64x128,0.023552000522613525,0.9144021567203274,0.0016572920139878988,0.0016572920139878988,0.0016572920139878988,0.0,0.0
gate,1,28672,8192,0.062463998794555664,0.06451199948787689,0.056352000683546066,64x64x128,0.062463998794555664,0.9021516676972285,0.0016625648131594062,0.0016625648131594062,0.0016625648131594062,0.0,0.0
gate,4,28672,8192,0.07680000364780426,0.07473600283265114,0.05632000043988228,64x128x128,0.07473600283265114,0.7535859332214224,0.0016507451655343175,0.0016507451655343175,0.0016507451655343175,0.0,0.0
gate,16,28672,8192,0.058400001376867294,0.058528000488877296,0.05633600056171417,64x64x128,0.058400001376867294,0.9646575211217258,0.0016540603246539831,0.0016540603246539831,0.0016540603246539831,0.0,0.0
gate,64,28672,8192,0.06036800146102905,0.06032000109553337,0.058368001133203506,64x128x128,0.06032000109553337,0.9676392585066712,0.0016560732619836926,0.0016560732619836926,0.0016560732619836926,0.0,0.0
gate_up,1,57344,8192,0.10547199845314026,0.09932799637317657,0.09321600198745728,64x128x128,0.09932799637317657,0.9384665491211918,0.0016577306669205427,0.0016577306669205427,0.0016577306669205427,0.0,0.0
gate_up,4,57344,8192,0.13417600095272064,0.11356800049543381,0.09321600198745728,64x128x128,0.11356800049543381,0.8207946039448426,0.0016544465906918049,0.0016544465906918049,0.0016544465906918049,0.0,0.0
gate_up,16,57344,8192,0.0952640026807785,0.09932799637317657,0.10547199845314026,64x64x128,0.0952640026807785,1.107154806486222,0.0016558811767026782,0.0016558811767026782,0.0016558811767026782,0.0,0.0
gate_up,64,57344,8192,0.0963200032711029,0.09934399649500847,0.10547199845314026,64x64x128,0.0963200032711029,1.0950165580484676,0.001655510743148625,0.001655510743148625,0.001655510743148625,0.0,0.0
down,1,8192,28672,0.06452799960970879,0.06860800087451935,0.05427199974656105,64x64x128,0.06452799960970879,0.841061245890464,0.0016301219584420323,0.0016301219584420323,0.0016301219584420323,0.0,0.0
down,4,8192,28672,0.06451199948787689,0.0663679987192154,0.05427199974656105,64x64x128,0.06451199948787689,0.8412698440196363,0.0016785786719992757,0.0016785786719992757,0.0016785786719992757,0.0,0.0
down,16,8192,28672,0.056352000683546066,0.06451199948787689,0.05632000043988228,64x64x128,0.056352000683546066,0.9994321365120027,0.0016567204147577286,0.0016567204147577286,0.0016567204147577286,0.0,0.0
down,64,8192,28672,0.056352000683546066,0.06454399973154068,0.05636800080537796,64x64x128,0.056352000683546066,1.0002839317439987,0.0016603098483756185,0.0016603098483756185,0.0016603098483756185,0.0,0.0
