round,cutlass_ms,cublaslt_ms
1,0.03174399957060814,0.0318400003015995
2,0.0297279991209507,0.03174399957060814
3,0.0297279991209507,0.03174399957060814
4,0.0297279991209507,0.03174399957060814
5,0.02969600073993206,0.03167999908328056
6,0.02969600073993206,0.03174399957060814
7,0.02969600073993206,0.03174399957060814
8,0.02969600073993206,0.03174399957060814
9,0.0297279991209507,0.03171199932694435
10,0.02969600073993206,0.03177599981427193
11,0.03152000159025192,0.02969600073993206
12,0.02969600073993206,0.03174399957060814
13,0.0297279991209507,0.03171199932694435
14,0.02969600073993206,0.031808000057935715
15,0.029600000008940697,0.03177599981427193
16,0.0297279991209507,0.03174399957060814
17,0.02969600073993206,0.03171199932694435
18,0.02969600073993206,0.03174399957060814
19,0.029664000496268272,0.03171199932694435
20,0.02969600073993206,0.03171199932694435
21,0.029952000826597214,0.03171199932694435
22,0.02969600073993206,0.03174399957060814
23,0.02969600073993206,0.03174399957060814
24,0.02985600009560585,0.03174399957060814
25,0.02969600073993206,0.03174399957060814
26,0.0297279991209507,0.03174399957060814
27,0.0297279991209507,0.03167999908328056
28,0.02969600073993206,0.03171199932694435
29,0.02969600073993206,0.031647998839616776
30,0.0297279991209507,0.03167999908328056
31,0.02969600073993206,0.03174399957060814
32,0.0297279991209507,0.031488001346588135
33,0.0297279991209507,0.03171199932694435
34,0.02969600073993206,0.03174399957060814
35,0.029791999608278275,0.03177599981427193
36,0.0297279991209507,0.031968001276254654
37,0.029920000582933426,0.03177599981427193
38,0.02969600073993206,0.03177599981427193
39,0.02956799976527691,0.03177599981427193
40,0.0297279991209507,0.031647998839616776
41,0.029759999364614487,0.02969600073993206
42,0.03171199932694435,0.03177599981427193
43,0.02969600073993206,0.03174399957060814
44,0.02969600073993206,0.0318400003015995
45,0.0297279991209507,0.03174399957060814
46,0.02969600073993206,0.03174399957060814
47,0.029920000582933426,0.031968001276254654
48,0.029759999364614487,0.03190400078892708
49,0.0297279991209507,0.03174399957060814
50,0.02969600073993206,0.0318400003015995
