layer,M,N,K,round,tile_64x64x128_ms,tile_64x128x128_ms,cublaslt_ms
qkv,1,10240,8192,1,0.03276799991726875,0.0297279991209507,0.031936001032590866
qkv,1,10240,8192,2,0.03379200026392937,0.0297279991209507,0.03174399957060814
qkv,1,10240,8192,3,0.03200000151991844,0.02969600073993206,0.03174399957060814
qkv,1,10240,8192,4,0.03392000123858452,0.029759999364614487,0.0318400003015995
qkv,1,10240,8192,5,0.03171199932694435,0.03174399957060814,0.03174399957060814
qkv,1,10240,8192,6,0.03174399957060814,0.02969600073993206,0.03379200026392937
qkv,1,10240,8192,7,0.03174399957060814,0.029632000252604485,0.03363199904561043
qkv,1,10240,8192,8,0.03174399957060814,0.02969600073993206,0.03174399957060814
qkv,1,10240,8192,9,0.031808000057935715,0.0297279991209507,0.03174399957060814
qkv,1,10240,8192,10,0.03174399957060814,0.02969600073993206,0.03177599981427193
qkv,1,10240,8192,11,0.03174399957060814,0.029759999364614487,0.03174399957060814
qkv,1,10240,8192,12,0.03174399957060814,0.029759999364614487,0.03174399957060814
qkv,1,10240,8192,13,0.03388800099492073,0.02969600073993206,0.03177599981427193
qkv,1,10240,8192,14,0.03171199932694435,0.02969600073993206,0.03174399957060814
qkv,1,10240,8192,15,0.03392000123858452,0.029920000582933426,0.03200000151991844
qkv,1,10240,8192,16,0.031936001032590866,0.02969600073993206,0.03174399957060814
qkv,1,10240,8192,17,0.03388800099492073,0.029823999851942062,0.03174399957060814
qkv,1,10240,8192,18,0.03174399957060814,0.02985600009560585,0.03174399957060814
qkv,1,10240,8192,19,0.03388800099492073,0.029920000582933426,0.03174399957060814
qkv,1,10240,8192,20,0.031808000057935715,0.02969600073993206,0.03174399957060814
qkv,1,10240,8192,21,0.03177599981427193,0.02969600073993206,0.03379200026392937
qkv,1,10240,8192,22,0.03379200026392937,0.02969600073993206,0.03174399957060814
qkv,1,10240,8192,23,0.031808000057935715,0.0297279991209507,0.03171199932694435
qkv,1,10240,8192,24,0.03174399957060814,0.029823999851942062,0.03174399957060814
qkv,1,10240,8192,25,0.03174399957060814,0.0297279991209507,0.031808000057935715
qkv,1,10240,8192,26,0.033663999289274216,0.02969600073993206,0.03174399957060814
qkv,1,10240,8192,27,0.03174399957060814,0.0297279991209507,0.03379200026392937
qkv,1,10240,8192,28,0.033952001482248306,0.02969600073993206,0.03174399957060814
qkv,1,10240,8192,29,0.031936001032590866,0.029823999851942062,0.03174399957060814
qkv,1,10240,8192,30,0.03174399957060814,0.029823999851942062,0.031936001032590866
qkv,4,10240,8192,1,0.03174399957060814,0.02953599952161312,0.02969600073993206
qkv,4,10240,8192,2,0.035840000957250595,0.03174399957060814,0.029823999851942062
qkv,4,10240,8192,3,0.033824000507593155,0.029759999364614487,0.02969600073993206
qkv,4,10240,8192,4,0.03385600075125694,0.029664000496268272,0.0297279991209507
qkv,4,10240,8192,5,0.033695999532938004,0.02969600073993206,0.02969600073993206
qkv,4,10240,8192,6,0.03574400022625923,0.02969600073993206,0.0297279991209507
qkv,4,10240,8192,7,0.03379200026392937,0.03174399957060814,0.02969600073993206
qkv,4,10240,8192,8,0.03587200120091438,0.0297279991209507,0.02969600073993206
qkv,4,10240,8192,9,0.035840000957250595,0.0297279991209507,0.02969600073993206
qkv,4,10240,8192,10,0.033824000507593155,0.0297279991209507,0.0297279991209507
qkv,4,10240,8192,11,0.033824000507593155,0.0297279991209507,0.029664000496268272
qkv,4,10240,8192,12,0.03379200026392937,0.02969600073993206,0.02985600009560585
qkv,4,10240,8192,13,0.03379200026392937,0.02969600073993206,0.03177599981427193
qkv,4,10240,8192,14,0.033824000507593155,0.0297279991209507,0.02969600073993206
qkv,4,10240,8192,15,0.035840000957250595,0.0297279991209507,0.02969600073993206
qkv,4,10240,8192,16,0.03379200026392937,0.029664000496268272,0.0297279991209507
qkv,4,10240,8192,17,0.03385600075125694,0.02969600073993206,0.029888000339269638
qkv,4,10240,8192,18,0.03187200054526329,0.02969600073993206,0.02985600009560585
qkv,4,10240,8192,19,0.03379200026392937,0.02969600073993206,0.02969600073993206
qkv,4,10240,8192,20,0.031936001032590866,0.029791999608278275,0.02969600073993206
qkv,4,10240,8192,21,0.03174399957060814,0.02969600073993206,0.029920000582933426
qkv,4,10240,8192,22,0.03379200026392937,0.02969600073993206,0.03177599981427193
qkv,4,10240,8192,23,0.03174399957060814,0.0297279991209507,0.029823999851942062
qkv,4,10240,8192,24,0.03587200120091438,0.03174399957060814,0.0297279991209507
qkv,4,10240,8192,25,0.03379200026392937,0.02969600073993206,0.02969600073993206
qkv,4,10240,8192,26,0.03379200026392937,0.03174399957060814,0.02969600073993206
qkv,4,10240,8192,27,0.03177599981427193,0.0297279991209507,0.0297279991209507
qkv,4,10240,8192,28,0.03379200026392937,0.029664000496268272,0.03174399957060814
qkv,4,10240,8192,29,0.03379200026392937,0.031647998839616776,0.029503999277949333
qkv,4,10240,8192,30,0.03587200120091438,0.02969600073993206,0.02969600073993206
qkv,16,10240,8192,1,0.02969600073993206,0.027615999802947044,0.027648000046610832
qkv,16,10240,8192,2,0.02969600073993206,0.0297279991209507,0.027648000046610832
qkv,16,10240,8192,3,0.0297279991209507,0.027904000133275986,0.027615999802947044
qkv,16,10240,8192,4,0.0297279991209507,0.0297279991209507,0.027615999802947044
qkv,16,10240,8192,5,0.0297279991209507,0.02768000029027462,0.02768000029027462
qkv,16,10240,8192,6,0.029952000826597214,0.027648000046610832,0.02768000029027462
qkv,16,10240,8192,7,0.029664000496268272,0.029503999277949333,0.027648000046610832
qkv,16,10240,8192,8,0.03187200054526329,0.02969600073993206,0.027648000046610832
qkv,16,10240,8192,9,0.02969600073993206,0.02768000029027462,0.02768000029027462
qkv,16,10240,8192,10,0.03177599981427193,0.027615999802947044,0.027648000046610832
qkv,16,10240,8192,11,0.029920000582933426,0.027648000046610832,0.027648000046610832
qkv,16,10240,8192,12,0.02969600073993206,0.02768000029027462,0.02768000029027462
qkv,16,10240,8192,13,0.02953599952161312,0.027648000046610832,0.027648000046610832
qkv,16,10240,8192,14,0.029759999364614487,0.02969600073993206,0.02768000029027462
qkv,16,10240,8192,15,0.029759999364614487,0.027615999802947044,0.02768000029027462
qkv,16,10240,8192,16,0.029664000496268272,0.029503999277949333,0.027648000046610832
qkv,16,10240,8192,17,0.02969600073993206,0.02768000029027462,0.027648000046610832
qkv,16,10240,8192,18,0.02969600073993206,0.029759999364614487,0.027904000133275986
qkv,16,10240,8192,19,0.031808000057935715,0.027712000533938408,0.02768000029027462
qkv,16,10240,8192,20,0.02969600073993206,0.02768000029027462,0.02768000029027462
qkv,16,10240,8192,21,0.0297279991209507,0.029632000252604485,0.027871999889612198
qkv,16,10240,8192,22,0.02956799976527691,0.027648000046610832,0.02768000029027462
qkv,16,10240,8192,23,0.02969600073993206,0.0297279991209507,0.027648000046610832
qkv,16,10240,8192,24,0.02985600009560585,0.0297279991209507,0.027648000046610832
qkv,16,10240,8192,25,0.029823999851942062,0.027648000046610832,0.027648000046610832
qkv,16,10240,8192,26,0.02969600073993206,0.02956799976527691,0.02768000029027462
qkv,16,10240,8192,27,0.02956799976527691,0.027648000046610832,0.027648000046610832
qkv,16,10240,8192,28,0.02969600073993206,0.027615999802947044,0.027648000046610832
qkv,16,10240,8192,29,0.02969600073993206,0.027648000046610832,0.027648000046610832
qkv,16,10240,8192,30,0.0297279991209507,0.027615999802947044,0.027615999802947044
qkv,64,10240,8192,1,0.029664000496268272,0.02768000029027462,0.025631999596953392
qkv,64,10240,8192,2,0.0297279991209507,0.027648000046610832,0.025631999596953392
qkv,64,10240,8192,3,0.0297279991209507,0.027648000046610832,0.025599999353289604
qkv,64,10240,8192,4,0.0297279991209507,0.02969600073993206,0.02566399984061718
qkv,64,10240,8192,5,0.02969600073993206,0.027648000046610832,0.025631999596953392
qkv,64,10240,8192,6,0.0297279991209507,0.02969600073993206,0.025631999596953392
qkv,64,10240,8192,7,0.029632000252604485,0.02940800040960312,0.025696000084280968
qkv,64,10240,8192,8,0.02969600073993206,0.0297279991209507,0.025631999596953392
qkv,64,10240,8192,9,0.029664000496268272,0.02953599952161312,0.02566399984061718
qkv,64,10240,8192,10,0.02953599952161312,0.027648000046610832,0.025599999353289604
qkv,64,10240,8192,11,0.02969600073993206,0.027648000046610832,0.025599999353289604
qkv,64,10240,8192,12,0.02969600073993206,0.02768000029027462,0.025599999353289604
qkv,64,10240,8192,13,0.02969600073993206,0.029920000582933426,0.025599999353289604
qkv,64,10240,8192,14,0.029664000496268272,0.027648000046610832,0.025599999353289604
qkv,64,10240,8192,15,0.02985600009560585,0.027648000046610832,0.025631999596953392
qkv,64,10240,8192,16,0.0297279991209507,0.029791999608278275,0.025599999353289604
qkv,64,10240,8192,17,0.029920000582933426,0.02768000029027462,0.025760000571608543
qkv,64,10240,8192,18,0.03155200183391571,0.027583999559283257,0.025599999353289604
qkv,64,10240,8192,19,0.02969600073993206,0.027488000690937042,0.025760000571608543
qkv,64,10240,8192,20,0.02969600073993206,0.027775999158620834,0.025631999596953392
qkv,64,10240,8192,21,0.0297279991209507,0.027648000046610832,0.025599999353289604
qkv,64,10240,8192,22,0.02969600073993206,0.0297279991209507,0.025631999596953392
qkv,64,10240,8192,23,0.029632000252604485,0.027648000046610832,0.025599999353289604
qkv,64,10240,8192,24,0.02969600073993206,0.02768000029027462,0.025631999596953392
qkv,64,10240,8192,25,0.02969600073993206,0.027648000046610832,0.025407999753952026
qkv,64,10240,8192,26,0.029664000496268272,0.027615999802947044,0.025631999596953392
qkv,64,10240,8192,27,0.02969600073993206,0.027648000046610832,0.025567999109625816
qkv,64,10240,8192,28,0.02969600073993206,0.02768000029027462,0.025599999353289604
qkv,64,10240,8192,29,0.029823999851942062,0.027615999802947044,0.025599999353289604
qkv,64,10240,8192,30,0.031647998839616776,0.0297279991209507,0.025599999353289604
o,1,8192,8192,1,0.025599999353289604,0.02768000029027462,0.023552000522613525
o,1,8192,8192,2,0.025599999353289604,0.02768000029027462,0.023584000766277313
o,1,8192,8192,3,0.025631999596953392,0.025599999353289604,0.023552000522613525
o,1,8192,8192,4,0.025599999353289604,0.027648000046610832,0.023584000766277313
o,1,8192,8192,5,0.025567999109625816,0.02768000029027462,0.023520000278949738
o,1,8192,8192,6,0.025599999353289604,0.02755199931561947,0.023552000522613525
o,1,8192,8192,7,0.025631999596953392,0.02768000029027462,0.023584000766277313
o,1,8192,8192,8,0.025728000327944756,0.027615999802947044,0.023584000766277313
o,1,8192,8192,9,0.025599999353289604,0.027648000046610832,0.021503999829292297
o,1,8192,8192,10,0.025599999353289604,0.02768000029027462,0.023584000766277313
o,1,8192,8192,11,0.025536000728607178,0.027775999158620834,0.023584000766277313
o,1,8192,8192,12,0.025599999353289604,0.027648000046610832,0.023552000522613525
o,1,8192,8192,13,0.025631999596953392,0.02751999907195568,0.023552000522613525
o,1,8192,8192,14,0.025631999596953392,0.027648000046610832,0.02364799939095974
o,1,8192,8192,15,0.025567999109625816,0.027648000046610832,0.023520000278949738
o,1,8192,8192,16,0.025599999353289604,0.02768000029027462,0.023552000522613525
o,1,8192,8192,17,0.02566399984061718,0.027648000046610832,0.023711999878287315
o,1,8192,8192,18,0.025599999353289604,0.027744000777602196,0.023584000766277313
o,1,8192,8192,19,0.025631999596953392,0.02768000029027462,0.02364799939095974
o,1,8192,8192,20,0.02582399919629097,0.02768000029027462,0.023423999547958374
o,1,8192,8192,21,0.025599999353289604,0.027648000046610832,0.023552000522613525
o,1,8192,8192,22,0.025599999353289604,0.02566399984061718,0.023520000278949738
o,1,8192,8192,23,0.025599999353289604,0.02768000029027462,0.023552000522613525
o,1,8192,8192,24,0.025599999353289604,0.027648000046610832,0.023552000522613525
o,1,8192,8192,25,0.02579200081527233,0.027648000046610832,0.023584000766277313
o,1,8192,8192,26,0.025599999353289604,0.02768000029027462,0.023711999878287315
o,1,8192,8192,27,0.025599999353289604,0.025631999596953392,0.023520000278949738
o,1,8192,8192,28,0.025599999353289604,0.027424000203609467,0.023584000766277313
o,1,8192,8192,29,0.025599999353289604,0.02768000029027462,0.023391999304294586
o,1,8192,8192,30,0.025599999353289604,0.02768000029027462,0.023584000766277313
o,4,8192,8192,1,0.02566399984061718,0.02768000029027462,0.021503999829292297
o,4,8192,8192,2,0.025599999353289604,0.02768000029027462,0.021536000072956085
o,4,8192,8192,3,0.025631999596953392,0.027615999802947044,0.021536000072956085
o,4,8192,8192,4,0.025472000241279602,0.027648000046610832,0.021536000072956085
o,4,8192,8192,5,0.025599999353289604,0.027456000447273254,0.021376000717282295
o,4,8192,8192,6,0.025599999353289604,0.027871999889612198,0.021503999829292297
o,4,8192,8192,7,0.02582399919629097,0.02768000029027462,0.021536000072956085
o,4,8192,8192,8,0.025631999596953392,0.027775999158620834,0.021503999829292297
o,4,8192,8192,9,0.025696000084280968,0.027648000046610832,0.021503999829292297
o,4,8192,8192,10,0.02579200081527233,0.02768000029027462,0.021568000316619873
o,4,8192,8192,11,0.025472000241279602,0.027648000046610832,0.021503999829292297
o,4,8192,8192,12,0.025631999596953392,0.027648000046610832,0.021536000072956085
o,4,8192,8192,13,0.025631999596953392,0.02768000029027462,0.021503999829292297
o,4,8192,8192,14,0.02755199931561947,0.027648000046610832,0.021536000072956085
o,4,8192,8192,15,0.025599999353289604,0.027488000690937042,0.021503999829292297
o,4,8192,8192,16,0.025631999596953392,0.027648000046610832,0.021503999829292297
o,4,8192,8192,17,0.025631999596953392,0.027424000203609467,0.021503999829292297
o,4,8192,8192,18,0.025599999353289604,0.027648000046610832,0.021503999829292297
o,4,8192,8192,19,0.025472000241279602,0.027456000447273254,0.021568000316619873
o,4,8192,8192,20,0.025567999109625816,0.027648000046610832,0.021503999829292297
o,4,8192,8192,21,0.02768000029027462,0.027648000046610832,0.021503999829292297
o,4,8192,8192,22,0.02566399984061718,0.027648000046610832,0.021536000072956085
o,4,8192,8192,23,0.025599999353289604,0.02768000029027462,0.021536000072956085
o,4,8192,8192,24,0.025599999353289604,0.027712000533938408,0.021503999829292297
o,4,8192,8192,25,0.025439999997615814,0.027775999158620834,0.02147199958562851
o,4,8192,8192,26,0.02566399984061718,0.027712000533938408,0.02163200080394745
o,4,8192,8192,27,0.025631999596953392,0.027648000046610832,0.021536000072956085
o,4,8192,8192,28,0.025567999109625816,0.02755199931561947,0.02147199958562851
o,4,8192,8192,29,0.025631999596953392,0.027648000046610832,0.021503999829292297
o,4,8192,8192,30,0.025599999353289604,0.02768000029027462,0.02147199958562851
o,16,8192,8192,1,0.023584000766277313,0.025631999596953392,0.021503999829292297
o,16,8192,8192,2,0.023615999147295952,0.025599999353289604,0.021503999829292297
o,16,8192,8192,3,0.023711999878287315,0.025631999596953392,0.021536000072956085
o,16,8192,8192,4,0.023552000522613525,0.025567999109625816,0.021503999829292297
o,16,8192,8192,5,0.023584000766277313,0.025631999596953392,0.021503999829292297
o,16,8192,8192,6,0.02300800010561943,0.025631999596953392,0.021695999428629875
o,16,8192,8192,7,0.023584000766277313,0.025631999596953392,0.021376000717282295
o,16,8192,8192,8,0.023584000766277313,0.025631999596953392,0.021503999829292297
o,16,8192,8192,9,0.023423999547958374,0.025599999353289604,0.021536000072956085
o,16,8192,8192,10,0.021568000316619873,0.025631999596953392,0.021503999829292297
o,16,8192,8192,11,0.021568000316619873,0.025536000728607178,0.021536000072956085
o,16,8192,8192,12,0.023552000522613525,0.025407999753952026,0.021536000072956085
o,16,8192,8192,13,0.023584000766277313,0.025599999353289604,0.021536000072956085
o,16,8192,8192,14,0.023615999147295952,0.025631999596953392,0.021503999829292297
o,16,8192,8192,15,0.021503999829292297,0.025599999353289604,0.021503999829292297
o,16,8192,8192,16,0.023584000766277313,0.025536000728607178,0.021503999829292297
o,16,8192,8192,17,0.023552000522613525,0.025567999109625816,0.021503999829292297
o,16,8192,8192,18,0.023552000522613525,0.025599999353289604,0.021503999829292297
o,16,8192,8192,19,0.023552000522613525,0.025631999596953392,0.021536000072956085
o,16,8192,8192,20,0.021503999829292297,0.02579200081527233,0.021503999829292297
o,16,8192,8192,21,0.023552000522613525,0.02659199945628643,0.021503999829292297
o,16,8192,8192,22,0.023679999634623528,0.025855999439954758,0.021503999829292297
o,16,8192,8192,23,0.023520000278949738,0.025599999353289604,0.02147199958562851
o,16,8192,8192,24,0.023584000766277313,0.025599999353289604,0.021376000717282295
o,16,8192,8192,25,0.023552000522613525,0.025599999353289604,0.02252800017595291
o,16,8192,8192,26,0.023584000766277313,0.025567999109625816,0.021536000072956085
o,16,8192,8192,27,0.023584000766277313,0.025536000728607178,0.021407999098300934
o,16,8192,8192,28,0.023552000522613525,0.025631999596953392,0.021568000316619873
o,16,8192,8192,29,0.023360000923275948,0.025599999353289604,0.02147199958562851
o,16,8192,8192,30,0.021536000072956085,0.025631999596953392,0.021503999829292297
o,64,8192,8192,1,0.02147199958562851,0.02579200081527233,0.023584000766277313
o,64,8192,8192,2,0.024288000538945198,0.025536000728607178,0.022463999688625336
o,64,8192,8192,3,0.023552000522613525,0.025599999353289604,0.023584000766277313
o,64,8192,8192,4,0.023552000522613525,0.025567999109625816,0.023552000522613525
o,64,8192,8192,5,0.023584000766277313,0.025599999353289604,0.02147199958562851
o,64,8192,8192,6,0.023584000766277313,0.025567999109625816,0.02143999934196472
o,64,8192,8192,7,0.023615999147295952,0.025599999353289604,0.02147199958562851
o,64,8192,8192,8,0.023552000522613525,0.025599999353289604,0.023584000766277313
o,64,8192,8192,9,0.023584000766277313,0.025631999596953392,0.023552000522613525
o,64,8192,8192,10,0.023552000522613525,0.025599999353289604,0.023615999147295952
o,64,8192,8192,11,0.023552000522613525,0.02582399919629097,0.021536000072956085
o,64,8192,8192,12,0.023423999547958374,0.025631999596953392,0.02147199958562851
o,64,8192,8192,13,0.02364799939095974,0.025599999353289604,0.021503999829292297
o,64,8192,8192,14,0.023552000522613525,0.02566399984061718,0.02147199958562851
o,64,8192,8192,15,0.023552000522613525,0.025599999353289604,0.021503999829292297
o,64,8192,8192,16,0.021695999428629875,0.025599999353289604,0.023552000522613525
o,64,8192,8192,17,0.023520000278949738,0.025599999353289604,0.023615999147295952
o,64,8192,8192,18,0.023615999147295952,0.025567999109625816,0.021695999428629875
o,64,8192,8192,19,0.023584000766277313,0.025599999353289604,0.023520000278949738
o,64,8192,8192,20,0.023584000766277313,0.025631999596953392,0.021536000072956085
o,64,8192,8192,21,0.023615999147295952,0.025599999353289604,0.021503999829292297
o,64,8192,8192,22,0.023552000522613525,0.025599999353289604,0.023423999547958374
o,64,8192,8192,23,0.021568000316619873,0.025696000084280968,0.02147199958562851
o,64,8192,8192,24,0.023584000766277313,0.025599999353289604,0.021503999829292297
o,64,8192,8192,25,0.023584000766277313,0.02768000029027462,0.02364799939095974
o,64,8192,8192,26,0.023391999304294586,0.025599999353289604,0.02147199958562851
o,64,8192,8192,27,0.023552000522613525,0.025631999596953392,0.021503999829292297
o,64,8192,8192,28,0.023584000766277313,0.025631999596953392,0.02147199958562851
o,64,8192,8192,29,0.023615999147295952,0.025631999596953392,0.02147199958562851
o,64,8192,8192,30,0.02348800003528595,0.025599999353289604,0.023584000766277313
gate,1,28672,8192,1,0.062463998794555664,0.06451199948787689,0.05632000043988228
gate,1,28672,8192,2,0.060447998344898224,0.06454399973154068,0.05632000043988228
gate,1,28672,8192,3,0.06249599903821945,0.0644799992442131,0.056384000927209854
gate,1,28672,8192,4,0.062463998794555664,0.6820160150527954,0.056384000927209854
gate,1,28672,8192,5,0.06252799928188324,0.06451199948787689,0.056352000683546066
gate,1,28672,8192,6,0.060416001826524734,0.06454399973154068,0.056352000683546066
gate,1,28672,8192,7,0.06249599903821945,0.06451199948787689,0.05632000043988228
gate,1,28672,8192,8,0.06259199976921082,0.06451199948787689,0.05632000043988228
gate,1,28672,8192,9,0.060447998344898224,0.06454399973154068,0.05632000043988228
gate,1,28672,8192,10,0.06252799928188324,0.06454399973154068,0.05641600117087364
gate,1,28672,8192,11,0.060736000537872314,0.06454399973154068,0.056352000683546066
gate,1,28672,8192,12,0.06239999830722809,0.06464000046253204,0.056352000683546066
gate,1,28672,8192,13,0.06249599903821945,0.06441599875688553,0.056352000683546066
gate,1,28672,8192,14,0.06249599903821945,0.06460800021886826,0.056352000683546066
gate,1,28672,8192,15,0.062431998550891876,0.0644799992442131,0.0562559999525547
gate,1,28672,8192,16,0.06252799928188324,0.06639999896287918,0.056352000683546066
gate,1,28672,8192,17,0.06249599903821945,0.06451199948787689,0.056352000683546066
gate,1,28672,8192,18,0.060416001826524734,0.06454399973154068,0.056352000683546066
gate,1,28672,8192,19,0.062463998794555664,0.06425599753856659,0.05632000043988228
gate,1,28672,8192,20,0.062431998550891876,0.06451199948787689,0.05632000043988228
gate,1,28672,8192,21,0.060575999319553375,0.06451199948787689,0.056352000683546066
gate,1,28672,8192,22,0.062272001057863235,0.06451199948787689,0.056352000683546066
gate,1,28672,8192,23,0.062463998794555664,0.06464000046253204,0.056352000683546066
gate,1,28672,8192,24,0.06249599903821945,0.0644799992442131,0.05632000043988228
gate,1,28672,8192,25,0.06047999858856201,0.06451199948787689,0.056095998734235764
gate,1,28672,8192,26,0.062463998794555664,0.06451199948787689,0.05632000043988228
gate,1,28672,8192,27,0.06047999858856201,0.06451199948787689,0.05632000043988228
gate,1,28672,8192,28,0.06249599903821945,0.06454399973154068,0.056384000927209854
gate,1,28672,8192,29,0.060447998344898224,0.06435199826955795,0.05632000043988228
gate,1,28672,8192,30,0.060447998344898224,0.06444799900054932,0.05632000043988228
gate,4,28672,8192,1,0.0769599974155426,0.07472000271081924,0.05632000043988228
gate,4,28672,8192,2,0.07660800218582153,0.06860800087451935,0.056352000683546066
gate,4,28672,8192,3,0.07683199644088745,0.07487999647855759,0.056384000927209854
gate,4,28672,8192,4,0.07683199644088745,0.07065600156784058,0.056352000683546066
gate,4,28672,8192,5,0.07683199644088745,0.07478400319814682,0.056352000683546066
gate,4,28672,8192,6,0.07654400169849396,0.07487999647855759,0.05632000043988228
gate,4,28672,8192,7,0.07891199737787247,0.07068800181150436,0.056063998490571976
gate,4,28672,8192,8,0.07680000364780426,0.07475200295448303,0.056352000683546066
gate,4,28672,8192,9,0.07680000364780426,0.07052800059318542,0.05644800141453743
gate,4,28672,8192,10,0.07667200267314911,0.07478400319814682,0.056352000683546066
gate,4,28672,8192,11,0.07683199644088745,0.06860800087451935,0.056352000683546066
gate,4,28672,8192,12,0.07676800340414047,0.07068800181150436,0.05632000043988228
gate,4,28672,8192,13,0.07692799717187881,0.07475200295448303,0.05632000043988228
gate,4,28672,8192,14,0.07475200295448303,0.07065600156784058,0.05632000043988228
gate,4,28672,8192,15,0.07680000364780426,0.07478400319814682,0.05632000043988228
gate,4,28672,8192,16,0.07683199644088745,0.07065600156784058,0.05632000043988228
gate,4,28672,8192,17,0.07676800340414047,0.07475200295448303,0.056352000683546066
gate,4,28672,8192,18,0.07680000364780426,0.0748480036854744,0.05632000043988228
gate,4,28672,8192,19,0.07680000364780426,0.07065600156784058,0.05641600117087364
gate,4,28672,8192,20,0.07680000364780426,0.07680000364780426,0.05632000043988228
gate,4,28672,8192,21,0.0769599974155426,0.07065600156784058,0.05632000043988228
gate,4,28672,8192,22,0.07683199644088745,0.07478400319814682,0.05632000043988228
gate,4,28672,8192,23,0.07680000364780426,0.0727040022611618,0.05632000043988228
gate,4,28672,8192,24,0.07680000364780426,0.07065600156784058,0.05632000043988228
gate,4,28672,8192,25,0.0748480036854744,0.07487999647855759,0.056352000683546066
gate,4,28672,8192,26,0.07673600316047668,0.07065600156784058,0.058368001133203506
gate,4,28672,8192,27,0.07683199644088745,0.07475200295448303,0.05632000043988228
gate,4,28672,8192,28,0.07475200295448303,0.07065600156784058,0.05632000043988228
gate,4,28672,8192,29,0.07680000364780426,0.07664000242948532,0.056352000683546066
gate,4,28672,8192,30,0.07683199644088745,0.07683199644088745,0.05641600117087364
gate,16,28672,8192,1,0.06032000109553337,0.06032000109553337,0.056384000927209854
gate,16,28672,8192,2,0.058368001133203506,0.0586559996008873,0.056352000683546066
gate,16,28672,8192,3,0.05843200162053108,0.060447998344898224,0.05632000043988228
gate,16,28672,8192,4,0.0586559996008873,0.058400001376867294,0.05782400071620941
gate,16,28672,8192,5,0.058400001376867294,0.058400001376867294,0.05632000043988228
gate,16,28672,8192,6,0.058400001376867294,0.060447998344898224,0.056352000683546066
gate,16,28672,8192,7,0.060447998344898224,0.058400001376867294,0.056352000683546066
gate,16,28672,8192,8,0.058368001133203506,0.058400001376867294,0.05632000043988228
gate,16,28672,8192,9,0.058368001133203506,0.058368001133203506,0.05632000043988228
gate,16,28672,8192,10,0.058368001133203506,0.060447998344898224,0.056384000927209854
gate,16,28672,8192,11,0.058368001133203506,0.058400001376867294,0.05612799897789955
gate,16,28672,8192,12,0.06047999858856201,0.058368001133203506,0.05632000043988228
gate,16,28672,8192,13,0.060447998344898224,0.06060799956321716,0.056352000683546066
gate,16,28672,8192,14,0.060416001826524734,0.058400001376867294,0.056352000683546066
gate,16,28672,8192,15,0.060447998344898224,0.060447998344898224,0.056352000683546066
gate,16,28672,8192,16,0.060416001826524734,0.058368001133203506,0.05632000043988228
gate,16,28672,8192,17,0.058400001376867294,0.06047999858856201,0.05641600117087364
gate,16,28672,8192,18,0.058400001376867294,0.058368001133203506,0.056352000683546066
gate,16,28672,8192,19,0.060416001826524734,0.058400001376867294,0.05632000043988228
gate,16,28672,8192,20,0.058400001376867294,0.060575999319553375,0.05628800019621849
gate,16,28672,8192,21,0.058368001133203506,0.060447998344898224,0.056352000683546066
gate,16,28672,8192,22,0.060416001826524734,0.05833600088953972,0.05632000043988228
gate,16,28672,8192,23,0.058368001133203506,0.058400001376867294,0.05632000043988228
gate,16,28672,8192,24,0.058368001133203506,0.058400001376867294,0.05632000043988228
gate,16,28672,8192,25,0.058400001376867294,0.06028800085186958,0.05632000043988228
gate,16,28672,8192,26,0.058368001133203506,0.058368001133203506,0.05628800019621849
gate,16,28672,8192,27,0.060447998344898224,0.06032000109553337,0.056352000683546066
gate,16,28672,8192,28,0.058368001133203506,0.06032000109553337,0.056352000683546066
gate,16,28672,8192,29,0.058400001376867294,0.060416001826524734,0.05632000043988228
gate,16,28672,8192,30,0.05833600088953972,0.06038400158286095,0.056352000683546066
gate,64,28672,8192,1,0.060447998344898224,0.060416001826524734,0.058400001376867294
gate,64,28672,8192,2,0.060447998344898224,0.060416001826524734,0.058368001133203506
gate,64,28672,8192,3,0.06038400158286095,0.06063999980688095,0.058368001133203506
gate,64,28672,8192,4,0.060416001826524734,0.060447998344898224,0.060447998344898224
gate,64,28672,8192,5,0.058400001376867294,0.058400001376867294,0.058400001376867294
gate,64,28672,8192,6,0.060416001826524734,0.06032000109553337,0.058368001133203506
gate,64,28672,8192,7,0.058400001376867294,0.058400001376867294,0.058368001133203506
gate,64,28672,8192,8,0.060447998344898224,0.058368001133203506,0.058368001133203506
gate,64,28672,8192,9,0.05843200162053108,0.058368001133203506,0.05830400064587593
gate,64,28672,8192,10,0.060416001826524734,0.058400001376867294,0.05827200040221214
gate,64,28672,8192,11,0.058368001133203506,0.060447998344898224,0.058368001133203506
gate,64,28672,8192,12,0.05843200162053108,0.06060799956321716,0.058368001133203506
gate,64,28672,8192,13,0.060416001826524734,0.060416001826524734,0.058368001133203506
gate,64,28672,8192,14,0.060447998344898224,0.06032000109553337,0.058400001376867294
gate,64,28672,8192,15,0.06035200133919716,0.06047999858856201,0.058368001133203506
gate,64,28672,8192,16,0.06032000109553337,0.058368001133203506,0.058368001133203506
gate,64,28672,8192,17,0.058400001376867294,0.05843200162053108,0.058368001133203506
gate,64,28672,8192,18,0.058368001133203506,0.058368001133203506,0.058400001376867294
gate,64,28672,8192,19,0.058400001376867294,0.058400001376867294,0.058400001376867294
gate,64,28672,8192,20,0.058368001133203506,0.058368001133203506,0.058368001133203506
gate,64,28672,8192,21,0.06038400158286095,0.06038400158286095,0.058368001133203506
gate,64,28672,8192,22,0.060416001826524734,0.058368001133203506,0.058400001376867294
gate,64,28672,8192,23,0.058368001133203506,0.060416001826524734,0.058368001133203506
gate,64,28672,8192,24,0.058400001376867294,0.060447998344898224,0.058368001133203506
gate,64,28672,8192,25,0.060416001826524734,0.060447998344898224,0.058368001133203506
gate,64,28672,8192,26,0.06047999858856201,0.060447998344898224,0.058368001133203506
gate,64,28672,8192,27,0.060575999319553375,0.06038400158286095,0.058368001133203506
gate,64,28672,8192,28,0.058368001133203506,0.058400001376867294,0.058368001133203506
gate,64,28672,8192,29,0.058400001376867294,0.058368001133203506,0.058368001133203506
gate,64,28672,8192,30,0.060416001826524734,0.05769599974155426,0.058400001376867294
gate_up,1,57344,8192,1,0.10547199845314026,0.09932799637317657,0.09337600320577621
gate_up,1,57344,8192,2,0.10556799918413162,0.09935999661684036,0.09312000125646591
gate_up,1,57344,8192,3,0.10547199845314026,0.09932799637317657,0.09328000247478485
gate_up,1,57344,8192,4,0.10342399775981903,0.09945599734783173,0.09321600198745728
gate_up,1,57344,8192,5,0.10342399775981903,0.1013759970664978,0.09318400174379349
gate_up,1,57344,8192,6,0.10547199845314026,0.09932799637317657,0.09334400296211243
gate_up,1,57344,8192,7,0.10547199845314026,0.09932799637317657,0.09324800223112106
gate_up,1,57344,8192,8,0.1056319996714592,0.09929600358009338,0.09305600076913834
gate_up,1,57344,8192,9,0.10553599894046783,0.09932799637317657,0.0952640026807785
gate_up,1,57344,8192,10,0.10543999820947647,0.09932799637317657,0.09331200271844864
gate_up,1,57344,8192,11,0.10553599894046783,0.09961599856615067,0.09465599805116653
gate_up,1,57344,8192,12,0.10550399869680405,0.10140799731016159,0.09321600198745728
gate_up,1,57344,8192,13,0.10547199845314026,0.09932799637317657,0.09321600198745728
gate_up,1,57344,8192,14,0.10559999942779541,0.09932799637317657,0.09318400174379349
gate_up,1,57344,8192,15,0.10521599650382996,0.09932799637317657,0.09523200243711472
gate_up,1,57344,8192,16,0.10550399869680405,0.09939199686050415,0.09523200243711472
gate_up,1,57344,8192,17,0.10758399963378906,0.09935999661684036,0.09318400174379349
gate_up,1,57344,8192,18,0.10547199845314026,0.09932799637317657,0.09321600198745728
gate_up,1,57344,8192,19,0.10550399869680405,0.09932799637317657,0.09523200243711472
gate_up,1,57344,8192,20,0.10547199845314026,0.09935999661684036,0.09318400174379349
gate_up,1,57344,8192,21,0.10556799918413162,0.09929600358009338,0.09523200243711472
gate_up,1,57344,8192,22,0.10547199845314026,0.09935999661684036,0.09318400174379349
gate_up,1,57344,8192,23,0.10550399869680405,0.0992640033364296,0.09318400174379349
gate_up,1,57344,8192,24,0.10332799702882767,0.09935999661684036,0.09318400174379349
gate_up,1,57344,8192,25,0.10550399869680405,0.09728000313043594,0.09318400174379349
gate_up,1,57344,8192,26,0.1056319996714592,0.09932799637317657,0.09308800101280212
gate_up,1,57344,8192,27,0.10547199845314026,0.09935999661684036,0.09318400174379349
gate_up,1,57344,8192,28,0.10345599800348282,0.09935999661684036,0.09334400296211243
gate_up,1,57344,8192,29,0.10547199845314026,0.10140799731016159,0.0952640026807785
gate_up,1,57344,8192,30,0.10755199939012527,0.10134399682283401,0.09328000247478485
gate_up,4,57344,8192,1,0.13619199395179749,0.11366400122642517,0.09321600198745728
gate_up,4,57344,8192,2,0.13212800025939941,0.11369600147008896,0.09318400174379349
gate_up,4,57344,8192,3,0.13622400164604187,0.11366400122642517,0.09318400174379349
gate_up,4,57344,8192,4,0.13417600095272064,0.11369600147008896,0.09318400174379349
gate_up,4,57344,8192,5,0.13619199395179749,0.11376000195741653,0.09318400174379349
gate_up,4,57344,8192,6,0.13414399325847626,0.11366400122642517,0.09321600198745728
gate_up,4,57344,8192,7,0.13619199395179749,0.11164800077676773,0.09324800223112106
gate_up,4,57344,8192,8,0.13619199395179749,0.11164800077676773,0.09328000247478485
gate_up,4,57344,8192,9,0.13212800025939941,0.11356800049543381,0.09318400174379349
gate_up,4,57344,8192,10,0.13417600095272064,0.11158400028944016,0.09334400296211243
gate_up,4,57344,8192,11,0.13414399325847626,0.11151999980211258,0.09318400174379349
gate_up,4,57344,8192,12,0.13417600095272064,0.11366400122642517,0.09324800223112106
gate_up,4,57344,8192,13,0.13622400164604187,0.11363200098276138,0.09321600198745728
gate_up,4,57344,8192,14,0.13417600095272064,0.11161600053310394,0.09340800344944
gate_up,4,57344,8192,15,0.13622400164604187,0.11366400122642517,0.0952640026807785
gate_up,4,57344,8192,16,0.13414399325847626,0.1117120012640953,0.09308800101280212
gate_up,4,57344,8192,17,0.13411200046539307,0.11164800077676773,0.09328000247478485
gate_up,4,57344,8192,18,0.13420799374580383,0.1117120012640953,0.09321600198745728
gate_up,4,57344,8192,19,0.13417600095272064,0.11164800077676773,0.09296000003814697
gate_up,4,57344,8192,20,0.13414399325847626,0.11366400122642517,0.09318400174379349
gate_up,4,57344,8192,21,0.13414399325847626,0.11366400122642517,0.09318400174379349
gate_up,4,57344,8192,22,0.13414399325847626,0.1136000007390976,0.09321600198745728
gate_up,4,57344,8192,23,0.13395200669765472,0.11164800077676773,0.09321600198745728
gate_up,4,57344,8192,24,0.1364479959011078,0.11356800049543381,0.09318400174379349
gate_up,4,57344,8192,25,0.13414399325847626,0.11164800077676773,0.09302400052547455
gate_up,4,57344,8192,26,0.13209599256515503,0.11369600147008896,0.09321600198745728
gate_up,4,57344,8192,27,0.13417600095272064,0.11366400122642517,0.09312000125646591
gate_up,4,57344,8192,28,0.13391999900341034,0.11164800077676773,0.09321600198745728
gate_up,4,57344,8192,29,0.13424000144004822,0.11164800077676773,0.0952640026807785
gate_up,4,57344,8192,30,0.13414399325847626,0.11161600053310394,0.0952640026807785
gate_up,16,57344,8192,1,0.09523200243711472,0.09932799637317657,0.10543999820947647
gate_up,16,57344,8192,2,0.09532800316810608,0.09932799637317657,0.10342399775981903
gate_up,16,57344,8192,3,0.09523200243711472,0.09932799637317657,0.10553599894046783
gate_up,16,57344,8192,4,0.0952640026807785,0.09932799637317657,0.10547199845314026
gate_up,16,57344,8192,5,0.0952640026807785,0.09929600358009338,0.10531199723482132
gate_up,16,57344,8192,6,0.09728000313043594,0.09935999661684036,0.10547199845314026
gate_up,16,57344,8192,7,0.09507200121879578,0.09935999661684036,0.10524799674749374
gate_up,16,57344,8192,8,0.09507200121879578,0.09935999661684036,0.10550399869680405
gate_up,16,57344,8192,9,0.09728000313043594,0.09932799637317657,0.10572800040245056
gate_up,16,57344,8192,10,0.09536000341176987,0.09929600358009338,0.10345599800348282
gate_up,16,57344,8192,11,0.09529600292444229,0.09932799637317657,0.1034879982471466
gate_up,16,57344,8192,12,0.0952640026807785,0.09932799637317657,0.10342399775981903
gate_up,16,57344,8192,13,0.09523200243711472,0.09932799637317657,0.10531199723482132
gate_up,16,57344,8192,14,0.09523200243711472,0.0992640033364296,0.10547199845314026
gate_up,16,57344,8192,15,0.0952640026807785,0.09734400361776352,0.10547199845314026
gate_up,16,57344,8192,16,0.09523200243711472,0.09932799637317657,0.10547199845314026
gate_up,16,57344,8192,17,0.0952640026807785,0.09932799637317657,0.10550399869680405
gate_up,16,57344,8192,18,0.09728000313043594,0.09734400361776352,0.10534399747848511
gate_up,16,57344,8192,19,0.09523200243711472,0.09935999661684036,0.10572800040245056
gate_up,16,57344,8192,20,0.0952640026807785,0.09929600358009338,0.1034879982471466
gate_up,16,57344,8192,21,0.09523200243711472,0.09932799637317657,0.10547199845314026
gate_up,16,57344,8192,22,0.09523200243711472,0.09945599734783173,0.10547199845314026
gate_up,16,57344,8192,23,0.09728000313043594,0.09935999661684036,0.10547199845314026
gate_up,16,57344,8192,24,0.09523200243711472,0.09932799637317657,0.10550399869680405
gate_up,16,57344,8192,25,0.09731200337409973,0.09932799637317657,0.10543999820947647
gate_up,16,57344,8192,26,0.0952640026807785,0.09939199686050415,0.10547199845314026
gate_up,16,57344,8192,27,0.09523200243711472,0.09932799637317657,0.10550399869680405
gate_up,16,57344,8192,28,0.09523200243711472,0.09935999661684036,0.10550399869680405
gate_up,16,57344,8192,29,0.0952640026807785,0.09935999661684036,0.10550399869680405
gate_up,16,57344,8192,30,0.0950080007314682,0.09935999661684036,0.10649599879980087
gate_up,64,57344,8192,1,0.0952640026807785,0.10121600329875946,0.10543999820947647
gate_up,64,57344,8192,2,0.09728000313043594,0.09932799637317657,0.10547199845314026
gate_up,64,57344,8192,3,0.0952640026807785,0.09935999661684036,0.10543999820947647
gate_up,64,57344,8192,4,0.09731200337409973,0.10140799731016159,0.10540799796581268
gate_up,64,57344,8192,5,0.0952640026807785,0.09920000284910202,0.10550399869680405
gate_up,64,57344,8192,6,0.0952640026807785,0.10140799731016159,0.10550399869680405
gate_up,64,57344,8192,7,0.09523200243711472,0.09932799637317657,0.10547199845314026
gate_up,64,57344,8192,8,0.09536000341176987,0.09935999661684036,0.10540799796581268
gate_up,64,57344,8192,9,0.09532800316810608,0.09935999661684036,0.10547199845314026
gate_up,64,57344,8192,10,0.09731200337409973,0.09932799637317657,0.10547199845314026
gate_up,64,57344,8192,11,0.09728000313043594,0.09932799637317657,0.10547199845314026
gate_up,64,57344,8192,12,0.09728000313043594,0.09932799637317657,0.10547199845314026
gate_up,64,57344,8192,13,0.0952640026807785,0.10153599828481674,0.10550399869680405
gate_up,64,57344,8192,14,0.09529600292444229,0.1013759970664978,0.10550399869680405
gate_up,64,57344,8192,15,0.0952640026807785,0.1013759970664978,0.10550399869680405
gate_up,64,57344,8192,16,0.09728000313043594,0.09932799637317657,0.10547199845314026
gate_up,64,57344,8192,17,0.09731200337409973,0.09923200309276581,0.10547199845314026
gate_up,64,57344,8192,18,0.09731200337409973,0.0995199978351593,0.10547199845314026
gate_up,64,57344,8192,19,0.09728000313043594,0.09932799637317657,0.10547199845314026
gate_up,64,57344,8192,20,0.09523200243711472,0.09932799637317657,0.10547199845314026
gate_up,64,57344,8192,21,0.09731200337409973,0.09935999661684036,0.10547199845314026
gate_up,64,57344,8192,22,0.09532800316810608,0.09939199686050415,0.10547199845314026
gate_up,64,57344,8192,23,0.09728000313043594,0.09935999661684036,0.23292799293994904
gate_up,64,57344,8192,24,0.09753599762916565,0.09932799637317657,0.10540799796581268
gate_up,64,57344,8192,25,0.09523200243711472,0.09935999661684036,0.10556799918413162
gate_up,64,57344,8192,26,0.09731200337409973,0.09932799637317657,0.10547199845314026
gate_up,64,57344,8192,27,0.09529600292444229,0.09932799637317657,0.10547199845314026
gate_up,64,57344,8192,28,0.09728000313043594,0.09932799637317657,0.10547199845314026
gate_up,64,57344,8192,29,0.09520000219345093,0.09932799637317657,0.10768000036478043
gate_up,64,57344,8192,30,0.09731200337409973,0.09939199686050415,0.10751999914646149
down,1,8192,28672,1,0.06451199948787689,0.06880000233650208,0.05430399999022484
down,1,8192,28672,2,0.06451199948787689,0.07065600156784058,0.05427199974656105
down,1,8192,28672,3,0.06656000018119812,0.06864000111818314,0.05423999950289726
down,1,8192,28672,4,0.06652799993753433,0.06857600063085556,0.05427199974656105
down,1,8192,28672,5,0.06451199948787689,0.06838399916887283,0.05430399999022484
down,1,8192,28672,6,0.06435199826955795,0.06864000111818314,0.05427199974656105
down,1,8192,28672,7,0.06451199948787689,0.06841599941253662,0.05427199974656105
down,1,8192,28672,8,0.06656000018119812,0.06864000111818314,0.05427199974656105
down,1,8192,28672,9,0.06451199948787689,0.06860800087451935,0.05632000043988228
down,1,8192,28672,10,0.06444799900054932,0.0684799998998642,0.05427199974656105
down,1,8192,28672,11,0.06451199948787689,0.06860800087451935,0.054496001452207565
down,1,8192,28672,12,0.06451199948787689,0.06864000111818314,0.05427199974656105
down,1,8192,28672,13,0.06454399973154068,0.06860800087451935,0.05427199974656105
down,1,8192,28672,14,0.06467200070619583,0.06860800087451935,0.056223999708890915
down,1,8192,28672,15,0.06460800021886826,0.06860800087451935,0.05430399999022484
down,1,8192,28672,16,0.06451199948787689,0.06860800087451935,0.054496001452207565
down,1,8192,28672,17,0.06467200070619583,0.06880000233650208,0.054368000477552414
down,1,8192,28672,18,0.06451199948787689,0.06860800087451935,0.05430399999022484
down,1,8192,28672,19,0.06451199948787689,0.06864000111818314,0.05430399999022484
down,1,8192,28672,20,0.06454399973154068,0.06860800087451935,0.05427199974656105
down,1,8192,28672,21,0.06454399973154068,0.06860800087451935,0.05427199974656105
down,1,8192,28672,22,0.06454399973154068,0.06857600063085556,0.05427199974656105
down,1,8192,28672,23,0.06454399973154068,0.06860800087451935,0.05427199974656105
down,1,8192,28672,24,0.06451199948787689,0.06860800087451935,0.056352000683546066
down,1,8192,28672,25,0.06656000018119812,0.06860800087451935,0.05411199852824211
down,1,8192,28672,26,0.0647680014371872,0.06860800087451935,0.0544000007212162
down,1,8192,28672,27,0.06454399973154068,0.06860800087451935,0.05430399999022484
down,1,8192,28672,28,0.06451199948787689,0.06844799965620041,0.054016001522541046
down,1,8192,28672,29,0.06451199948787689,0.06860800087451935,0.05430399999022484
down,1,8192,28672,30,0.06639999896287918,0.07065600156784058,0.05427199974656105
down,4,8192,28672,1,0.06435199826955795,0.06454399973154068,0.05427199974656105
down,4,8192,28672,2,0.06451199948787689,0.06656000018119812,0.05430399999022484
down,4,8192,28672,3,0.0655680000782013,0.06656000018119812,0.05407999828457832
down,4,8192,28672,4,0.0644799992442131,0.06454399973154068,0.05427199974656105
down,4,8192,28672,5,0.06451199948787689,0.06470400094985962,0.05423999950289726
down,4,8192,28672,6,0.06444799900054932,0.06457599997520447,0.05427199974656105
down,4,8192,28672,7,0.06435199826955795,0.06668800115585327,0.05430399999022484
down,4,8192,28672,8,0.06457599997520447,0.06451199948787689,0.05632000043988228
down,4,8192,28672,9,0.06451199948787689,0.06454399973154068,0.05423999950289726
down,4,8192,28672,10,0.06451199948787689,0.06656000018119812,0.05430399999022484
down,4,8192,28672,11,0.06457599997520447,0.0644799992442131,0.05430399999022484
down,4,8192,28672,12,0.0644799992442131,0.06454399973154068,0.05427199974656105
down,4,8192,28672,13,0.06454399973154068,0.06451199948787689,0.05427199974656105
down,4,8192,28672,14,0.06435199826955795,0.06643199920654297,0.05427199974656105
down,4,8192,28672,15,0.06454399973154068,0.06659200042486191,0.05430399999022484
down,4,8192,28672,16,0.06454399973154068,0.06454399973154068,0.054368000477552414
down,4,8192,28672,17,0.06454399973154068,0.06659200042486191,0.05427199974656105
down,4,8192,28672,18,0.06454399973154068,0.06457599997520447,0.05427199974656105
down,4,8192,28672,19,0.06457599997520447,0.06652799993753433,0.05427199974656105
down,4,8192,28672,20,0.06451199948787689,0.06464000046253204,0.05427199974656105
down,4,8192,28672,21,0.06451199948787689,0.06659200042486191,0.054207999259233475
down,4,8192,28672,22,0.0644799992442131,0.06656000018119812,0.05430399999022484
down,4,8192,28672,23,0.06454399973154068,0.0663679987192154,0.05427199974656105
down,4,8192,28672,24,0.06454399973154068,0.06659200042486191,0.05427199974656105
down,4,8192,28672,25,0.06451199948787689,0.06451199948787689,0.05430399999022484
down,4,8192,28672,26,0.06454399973154068,0.06656000018119812,0.054496001452207565
down,4,8192,28672,27,0.06451199948787689,0.0666240006685257,0.05430399999022484
down,4,8192,28672,28,0.06454399973154068,0.06656000018119812,0.05632000043988228
down,4,8192,28672,29,0.06457599997520447,0.0663679987192154,0.05430399999022484
down,4,8192,28672,30,0.06425599753856659,0.06521599739789963,0.05427199974656105
down,16,8192,28672,1,0.05632000043988228,0.062463998794555664,0.056352000683546066
down,16,8192,28672,2,0.056352000683546066,0.06451199948787689,0.05632000043988228
down,16,8192,28672,3,0.056063998490571976,0.06659200042486191,0.056352000683546066
down,16,8192,28672,4,0.05641600117087364,0.06454399973154068,0.05430399999022484
down,16,8192,28672,5,0.056352000683546066,0.06457599997520447,0.056352000683546066
down,16,8192,28672,6,0.05632000043988228,0.062463998794555664,0.056352000683546066
down,16,8192,28672,7,0.05644800141453743,0.06454399973154068,0.056095998734235764
down,16,8192,28672,8,0.056384000927209854,0.06451199948787689,0.054336000233888626
down,16,8192,28672,9,0.056352000683546066,0.06249599903821945,0.05632000043988228
down,16,8192,28672,10,0.05632000043988228,0.06454399973154068,0.05430399999022484
down,16,8192,28672,11,0.05632000043988228,0.06451199948787689,0.05641600117087364
down,16,8192,28672,12,0.05632000043988228,0.06454399973154068,0.05632000043988228
down,16,8192,28672,13,0.05641600117087364,0.06451199948787689,0.056095998734235764
down,16,8192,28672,14,0.05632000043988228,0.06454399973154068,0.056384000927209854
down,16,8192,28672,15,0.05632000043988228,0.06454399973154068,0.056352000683546066
down,16,8192,28672,16,0.05641600117087364,0.062463998794555664,0.05427199974656105
down,16,8192,28672,17,0.05430399999022484,0.062463998794555664,0.056352000683546066
down,16,8192,28672,18,0.056352000683546066,0.062463998794555664,0.05427199974656105
down,16,8192,28672,19,0.056352000683546066,0.06233600154519081,0.05632000043988228
down,16,8192,28672,20,0.05632000043988228,0.06454399973154068,0.056352000683546066
down,16,8192,28672,21,0.056384000927209854,0.06457599997520447,0.05427199974656105
down,16,8192,28672,22,0.056352000683546066,0.062463998794555664,0.05632000043988228
down,16,8192,28672,23,0.056352000683546066,0.06249599903821945,0.056352000683546066
down,16,8192,28672,24,0.05632000043988228,0.06249599903821945,0.05430399999022484
down,16,8192,28672,25,0.05632000043988228,0.06454399973154068,0.056352000683546066
down,16,8192,28672,26,0.05628800019621849,0.06431999802589417,0.056352000683546066
down,16,8192,28672,27,0.056352000683546066,0.06454399973154068,0.056352000683546066
down,16,8192,28672,28,0.056352000683546066,0.06451199948787689,0.05632000043988228
down,16,8192,28672,29,0.056352000683546066,0.062463998794555664,0.056384000927209854
down,16,8192,28672,30,0.05632000043988228,0.06451199948787689,0.05427199974656105
down,64,8192,28672,1,0.056352000683546066,0.06454399973154068,0.058368001133203506
down,64,8192,28672,2,0.056384000927209854,0.06454399973154068,0.058368001133203506
down,64,8192,28672,3,0.05628800019621849,0.06454399973154068,0.05632000043988228
down,64,8192,28672,4,0.056352000683546066,0.06457599997520447,0.05843200162053108
down,64,8192,28672,5,0.056384000927209854,0.06454399973154068,0.056352000683546066
down,64,8192,28672,6,0.056352000683546066,0.06470400094985962,0.058400001376867294
down,64,8192,28672,7,0.056384000927209854,0.06249599903821945,0.058368001133203506
down,64,8192,28672,8,0.05632000043988228,0.06252799928188324,0.056352000683546066
down,64,8192,28672,9,0.056352000683546066,0.06464000046253204,0.05632000043988228
down,64,8192,28672,10,0.05632000043988228,0.06451199948787689,0.05632000043988228
down,64,8192,28672,11,0.056352000683546066,0.06451199948787689,0.058400001376867294
down,64,8192,28672,12,0.056352000683546066,0.06239999830722809,0.058368001133203506
down,64,8192,28672,13,0.0562559999525547,0.06438399851322174,0.05862399935722351
down,64,8192,28672,14,0.056352000683546066,0.062463998794555664,0.056352000683546066
down,64,8192,28672,15,0.05615999922156334,0.062463998794555664,0.05843200162053108
down,64,8192,28672,16,0.056384000927209854,0.06454399973154068,0.056352000683546066
down,64,8192,28672,17,0.05632000043988228,0.06454399973154068,0.056384000927209854
down,64,8192,28672,18,0.056384000927209854,0.062463998794555664,0.05632000043988228
down,64,8192,28672,19,0.056352000683546066,0.06249599903821945,0.05632000043988228
down,64,8192,28672,20,0.05632000043988228,0.062463998794555664,0.05632000043988228
down,64,8192,28672,21,0.05628800019621849,0.06454399973154068,0.05843200162053108
down,64,8192,28672,22,0.05641600117087364,0.06457599997520447,0.058368001133203506
down,64,8192,28672,23,0.056352000683546066,0.062463998794555664,0.058368001133203506
down,64,8192,28672,24,0.05632000043988228,0.06255999952554703,0.058368001133203506
down,64,8192,28672,25,0.05632000043988228,0.06454399973154068,0.058368001133203506
down,64,8192,28672,26,0.05632000043988228,0.06454399973154068,0.05632000043988228
down,64,8192,28672,27,0.05632000043988228,0.06249599903821945,0.05632000043988228
down,64,8192,28672,28,0.05628800019621849,0.06454399973154068,0.05632000043988228
down,64,8192,28672,29,0.056352000683546066,0.06464000046253204,0.05632000043988228
down,64,8192,28672,30,0.05632000043988228,0.06457599997520447,0.056352000683546066
