layer,M,N,K,tile,batch,round,custom_ms,cublaslt_ms
qkv,1,10240,8192,64x128x128,1,1,0.0297279991209507,0.03177599981427193
qkv,1,10240,8192,64x128x128,1,2,0.029823999851942062,0.03174399957060814
qkv,1,10240,8192,64x128x128,1,3,0.0297279991209507,0.03174399957060814
qkv,1,10240,8192,64x128x128,1,4,0.02969600073993206,0.03174399957060814
qkv,1,10240,8192,64x128x128,1,5,0.02969600073993206,0.029888000339269638
qkv,1,10240,8192,64x128x128,1,6,0.029823999851942062,0.03177599981427193
qkv,1,10240,8192,64x128x128,1,7,0.029888000339269638,0.03174399957060814
qkv,1,10240,8192,64x128x128,1,8,0.02969600073993206,0.02969600073993206
qkv,1,10240,8192,64x128x128,1,9,0.0297279991209507,0.03200000151991844
qkv,1,10240,8192,64x128x128,1,10,0.02969600073993206,0.02969600073993206
qkv,1,10240,8192,64x128x128,1,11,0.0297279991209507,0.0297279991209507
qkv,1,10240,8192,64x128x128,1,12,0.0297279991209507,0.03171199932694435
qkv,1,10240,8192,64x128x128,1,13,0.029759999364614487,0.03174399957060814
qkv,1,10240,8192,64x128x128,1,14,0.029503999277949333,0.03155200183391571
qkv,1,10240,8192,64x128x128,1,15,0.029759999364614487,0.03177599981427193
qkv,1,10240,8192,64x128x128,1,16,0.0297279991209507,0.031808000057935715
qkv,1,10240,8192,64x128x128,1,17,0.029759999364614487,0.03171199932694435
qkv,1,10240,8192,64x128x128,1,18,0.0297279991209507,0.031936001032590866
qkv,1,10240,8192,64x128x128,1,19,0.02969600073993206,0.0297279991209507
qkv,1,10240,8192,64x128x128,1,20,0.02969600073993206,0.03174399957060814
qkv,1,10240,8192,64x128x128,1,21,0.029759999364614487,0.0297279991209507
qkv,1,10240,8192,64x128x128,1,22,0.029791999608278275,0.03276799991726875
qkv,1,10240,8192,64x128x128,1,23,0.02969600073993206,0.03177599981427193
qkv,1,10240,8192,64x128x128,1,24,0.029920000582933426,0.03177599981427193
qkv,1,10240,8192,64x128x128,1,25,0.02969600073993206,0.03190400078892708
qkv,1,10240,8192,64x128x128,1,26,0.0297279991209507,0.02969600073993206
qkv,1,10240,8192,64x128x128,1,27,0.02969600073993206,0.02956799976527691
qkv,1,10240,8192,64x128x128,1,28,0.02969600073993206,0.03174399957060814
qkv,1,10240,8192,64x128x128,1,29,0.029600000008940697,0.0297279991209507
qkv,1,10240,8192,64x128x128,1,30,0.0297279991209507,0.03174399957060814
qkv,1,10240,8192,64x128x128,2,1,0.02969600073993206,0.03171199932694435
qkv,1,10240,8192,64x128x128,2,2,0.0297279991209507,0.03174399957060814
qkv,1,10240,8192,64x128x128,2,3,0.0297279991209507,0.03174399957060814
qkv,1,10240,8192,64x128x128,2,4,0.029759999364614487,0.03174399957060814
qkv,1,10240,8192,64x128x128,2,5,0.0297279991209507,0.029632000252604485
qkv,1,10240,8192,64x128x128,2,6,0.0297279991209507,0.031808000057935715
qkv,1,10240,8192,64x128x128,2,7,0.0297279991209507,0.03174399957060814
qkv,1,10240,8192,64x128x128,2,8,0.02969600073993206,0.02969600073993206
qkv,1,10240,8192,64x128x128,2,9,0.029791999608278275,0.03177599981427193
qkv,1,10240,8192,64x128x128,2,10,0.02985600009560585,0.02969600073993206
qkv,1,10240,8192,64x128x128,2,11,0.0297279991209507,0.03174399957060814
qkv,1,10240,8192,64x128x128,2,12,0.029759999364614487,0.03177599981427193
qkv,1,10240,8192,64x128x128,2,13,0.02969600073993206,0.0318400003015995
qkv,1,10240,8192,64x128x128,2,14,0.0297279991209507,0.03174399957060814
qkv,1,10240,8192,64x128x128,2,15,0.02969600073993206,0.03177599981427193
qkv,1,10240,8192,64x128x128,2,16,0.029888000339269638,0.029759999364614487
qkv,1,10240,8192,64x128x128,2,17,0.0297279991209507,0.03174399957060814
qkv,1,10240,8192,64x128x128,2,18,0.029952000826597214,0.02969600073993206
qkv,1,10240,8192,64x128x128,2,19,0.0297279991209507,0.03174399957060814
qkv,1,10240,8192,64x128x128,2,20,0.029664000496268272,0.03174399957060814
qkv,1,10240,8192,64x128x128,2,21,0.029920000582933426,0.02969600073993206
qkv,1,10240,8192,64x128x128,2,22,0.0297279991209507,0.03177599981427193
qkv,1,10240,8192,64x128x128,2,23,0.029759999364614487,0.02969600073993206
qkv,1,10240,8192,64x128x128,2,24,0.02969600073993206,0.02969600073993206
qkv,1,10240,8192,64x128x128,2,25,0.029759999364614487,0.03177599981427193
qkv,1,10240,8192,64x128x128,2,26,0.0297279991209507,0.03174399957060814
qkv,1,10240,8192,64x128x128,2,27,0.02969600073993206,0.0315839983522892
qkv,1,10240,8192,64x128x128,2,28,0.0297279991209507,0.03174399957060814
qkv,1,10240,8192,64x128x128,2,29,0.0297279991209507,0.03174399957060814
qkv,1,10240,8192,64x128x128,2,30,0.0297279991209507,0.03171199932694435
qkv,1,10240,8192,64x128x128,3,1,0.02953599952161312,0.03174399957060814
qkv,1,10240,8192,64x128x128,3,2,0.029503999277949333,0.03174399957060814
qkv,1,10240,8192,64x128x128,3,3,0.0297279991209507,0.03174399957060814
qkv,1,10240,8192,64x128x128,3,4,0.0297279991209507,0.029632000252604485
qkv,1,10240,8192,64x128x128,3,5,0.029759999364614487,0.03174399957060814
qkv,1,10240,8192,64x128x128,3,6,0.0297279991209507,0.03152000159025192
qkv,1,10240,8192,64x128x128,3,7,0.0297279991209507,0.03177599981427193
qkv,1,10240,8192,64x128x128,3,8,0.02969600073993206,0.03174399957060814
qkv,1,10240,8192,64x128x128,3,9,0.02969600073993206,0.03174399957060814
qkv,1,10240,8192,64x128x128,3,10,0.029920000582933426,0.03171199932694435
qkv,1,10240,8192,64x128x128,3,11,0.02969600073993206,0.03174399957060814
qkv,1,10240,8192,64x128x128,3,12,0.029920000582933426,0.03174399957060814
qkv,1,10240,8192,64x128x128,3,13,0.029759999364614487,0.0297279991209507
qkv,1,10240,8192,64x128x128,3,14,0.0297279991209507,0.03174399957060814
qkv,1,10240,8192,64x128x128,3,15,0.029632000252604485,0.02969600073993206
qkv,1,10240,8192,64x128x128,3,16,0.02969600073993206,0.03171199932694435
qkv,1,10240,8192,64x128x128,3,17,0.02953599952161312,0.03174399957060814
qkv,1,10240,8192,64x128x128,3,18,0.029664000496268272,0.029759999364614487
qkv,1,10240,8192,64x128x128,3,19,0.029664000496268272,0.03174399957060814
qkv,1,10240,8192,64x128x128,3,20,0.0297279991209507,0.02969600073993206
qkv,1,10240,8192,64x128x128,3,21,0.0297279991209507,0.02969600073993206
qkv,1,10240,8192,64x128x128,3,22,0.029759999364614487,0.031808000057935715
qkv,1,10240,8192,64x128x128,3,23,0.02969600073993206,0.03174399957060814
qkv,1,10240,8192,64x128x128,3,24,0.0297279991209507,0.0318400003015995
qkv,1,10240,8192,64x128x128,3,25,0.0297279991209507,0.03177599981427193
qkv,1,10240,8192,64x128x128,3,26,0.02969600073993206,0.03171199932694435
qkv,1,10240,8192,64x128x128,3,27,0.02969600073993206,0.03174399957060814
qkv,1,10240,8192,64x128x128,3,28,0.029632000252604485,0.0297279991209507
qkv,1,10240,8192,64x128x128,3,29,0.0297279991209507,0.03161599859595299
qkv,1,10240,8192,64x128x128,3,30,0.0297279991209507,0.03161599859595299
qkv,1,10240,8192,64x128x128,4,1,0.02969600073993206,0.03174399957060814
qkv,1,10240,8192,64x128x128,4,2,0.0297279991209507,0.03174399957060814
qkv,1,10240,8192,64x128x128,4,3,0.02969600073993206,0.03177599981427193
qkv,1,10240,8192,64x128x128,4,4,0.0297279991209507,0.03177599981427193
qkv,1,10240,8192,64x128x128,4,5,0.029632000252604485,0.03167999908328056
qkv,1,10240,8192,64x128x128,4,6,0.02953599952161312,0.03177599981427193
qkv,1,10240,8192,64x128x128,4,7,0.02969600073993206,0.03174399957060814
qkv,1,10240,8192,64x128x128,4,8,0.02969600073993206,0.03174399957060814
qkv,1,10240,8192,64x128x128,4,9,0.02969600073993206,0.02969600073993206
qkv,1,10240,8192,64x128x128,4,10,0.0297279991209507,0.0297279991209507
qkv,1,10240,8192,64x128x128,4,11,0.02969600073993206,0.03174399957060814
qkv,1,10240,8192,64x128x128,4,12,0.0297279991209507,0.031808000057935715
qkv,1,10240,8192,64x128x128,4,13,0.029823999851942062,0.03174399957060814
qkv,1,10240,8192,64x128x128,4,14,0.02969600073993206,0.03174399957060814
qkv,1,10240,8192,64x128x128,4,15,0.029759999364614487,0.02969600073993206
qkv,1,10240,8192,64x128x128,4,16,0.02969600073993206,0.031808000057935715
qkv,1,10240,8192,64x128x128,4,17,0.029823999851942062,0.03174399957060814
qkv,1,10240,8192,64x128x128,4,18,0.029888000339269638,0.02969600073993206
qkv,1,10240,8192,64x128x128,4,19,0.02985600009560585,0.03177599981427193
qkv,1,10240,8192,64x128x128,4,20,0.029664000496268272,0.02969600073993206
qkv,1,10240,8192,64x128x128,4,21,0.0297279991209507,0.03174399957060814
qkv,1,10240,8192,64x128x128,4,22,0.0297279991209507,0.03177599981427193
qkv,1,10240,8192,64x128x128,4,23,0.029759999364614487,0.03174399957060814
qkv,1,10240,8192,64x128x128,4,24,0.02969600073993206,0.03174399957060814
qkv,1,10240,8192,64x128x128,4,25,0.0297279991209507,0.0297279991209507
qkv,1,10240,8192,64x128x128,4,26,0.029791999608278275,0.0297279991209507
qkv,1,10240,8192,64x128x128,4,27,0.02985600009560585,0.03174399957060814
qkv,1,10240,8192,64x128x128,4,28,0.029920000582933426,0.02969600073993206
qkv,1,10240,8192,64x128x128,4,29,0.0297279991209507,0.03174399957060814
qkv,1,10240,8192,64x128x128,4,30,0.02969600073993206,0.03177599981427193
qkv,1,10240,8192,64x128x128,5,1,0.02969600073993206,0.03174399957060814
qkv,1,10240,8192,64x128x128,5,2,0.029759999364614487,0.03174399957060814
qkv,1,10240,8192,64x128x128,5,3,0.0297279991209507,0.03190400078892708
qkv,1,10240,8192,64x128x128,5,4,0.02969600073993206,0.03177599981427193
qkv,1,10240,8192,64x128x128,5,5,0.0297279991209507,0.03152000159025192
qkv,1,10240,8192,64x128x128,5,6,0.0297279991209507,0.031647998839616776
qkv,1,10240,8192,64x128x128,5,7,0.0297279991209507,0.03177599981427193
qkv,1,10240,8192,64x128x128,5,8,0.029664000496268272,0.03174399957060814
qkv,1,10240,8192,64x128x128,5,9,0.029759999364614487,0.03171199932694435
qkv,1,10240,8192,64x128x128,5,10,0.029759999364614487,0.03174399957060814
qkv,1,10240,8192,64x128x128,5,11,0.02969600073993206,0.03177599981427193
qkv,1,10240,8192,64x128x128,5,12,0.02969600073993206,0.03177599981427193
qkv,1,10240,8192,64x128x128,5,13,0.0297279991209507,0.031808000057935715
qkv,1,10240,8192,64x128x128,5,14,0.029759999364614487,0.031808000057935715
qkv,1,10240,8192,64x128x128,5,15,0.02969600073993206,0.02969600073993206
qkv,1,10240,8192,64x128x128,5,16,0.029759999364614487,0.031968001276254654
qkv,1,10240,8192,64x128x128,5,17,0.02969600073993206,0.029791999608278275
qkv,1,10240,8192,64x128x128,5,18,0.02969600073993206,0.03177599981427193
qkv,1,10240,8192,64x128x128,5,19,0.02969600073993206,0.031936001032590866
qkv,1,10240,8192,64x128x128,5,20,0.02969600073993206,0.029888000339269638
qkv,1,10240,8192,64x128x128,5,21,0.0297279991209507,0.03174399957060814
qkv,1,10240,8192,64x128x128,5,22,0.02969600073993206,0.03174399957060814
qkv,1,10240,8192,64x128x128,5,23,0.02969600073993206,0.03152000159025192
qkv,1,10240,8192,64x128x128,5,24,0.02969600073993206,0.03174399957060814
qkv,1,10240,8192,64x128x128,5,25,0.029759999364614487,0.029920000582933426
qkv,1,10240,8192,64x128x128,5,26,0.02969600073993206,0.03203200176358223
qkv,1,10240,8192,64x128x128,5,27,0.02969600073993206,0.03174399957060814
qkv,1,10240,8192,64x128x128,5,28,0.0297279991209507,0.03190400078892708
qkv,1,10240,8192,64x128x128,5,29,0.0297279991209507,0.03174399957060814
qkv,1,10240,8192,64x128x128,5,30,0.02969600073993206,0.029664000496268272
qkv,1,10240,8192,64x128x128,6,1,0.02956799976527691,0.03155200183391571
qkv,1,10240,8192,64x128x128,6,2,0.0297279991209507,0.03174399957060814
qkv,1,10240,8192,64x128x128,6,3,0.029759999364614487,0.029823999851942062
qkv,1,10240,8192,64x128x128,6,4,0.02969600073993206,0.03177599981427193
qkv,1,10240,8192,64x128x128,6,5,0.02969600073993206,0.03174399957060814
qkv,1,10240,8192,64x128x128,6,6,0.0297279991209507,0.03174399957060814
qkv,1,10240,8192,64x128x128,6,7,0.02969600073993206,0.031808000057935715
qkv,1,10240,8192,64x128x128,6,8,0.029632000252604485,0.03177599981427193
qkv,1,10240,8192,64x128x128,6,9,0.0297279991209507,0.03174399957060814
qkv,1,10240,8192,64x128x128,6,10,0.02956799976527691,0.03152000159025192
qkv,1,10240,8192,64x128x128,6,11,0.02969600073993206,0.02969600073993206
qkv,1,10240,8192,64x128x128,6,12,0.0297279991209507,0.02969600073993206
qkv,1,10240,8192,64x128x128,6,13,0.029759999364614487,0.03174399957060814
qkv,1,10240,8192,64x128x128,6,14,0.02969600073993206,0.03174399957060814
qkv,1,10240,8192,64x128x128,6,15,0.02969600073993206,0.03174399957060814
qkv,1,10240,8192,64x128x128,6,16,0.02969600073993206,0.03174399957060814
qkv,1,10240,8192,64x128x128,6,17,0.0297279991209507,0.0297279991209507
qkv,1,10240,8192,64x128x128,6,18,0.0297279991209507,0.03190400078892708
qkv,1,10240,8192,64x128x128,6,19,0.0297279991209507,0.0318400003015995
qkv,1,10240,8192,64x128x128,6,20,0.02969600073993206,0.031936001032590866
qkv,1,10240,8192,64x128x128,6,21,0.0297279991209507,0.03174399957060814
qkv,1,10240,8192,64x128x128,6,22,0.029759999364614487,0.03171199932694435
qkv,1,10240,8192,64x128x128,6,23,0.02969600073993206,0.03174399957060814
qkv,1,10240,8192,64x128x128,6,24,0.02969600073993206,0.031936001032590866
qkv,1,10240,8192,64x128x128,6,25,0.02969600073993206,0.029632000252604485
qkv,1,10240,8192,64x128x128,6,26,0.029632000252604485,0.03174399957060814
qkv,1,10240,8192,64x128x128,6,27,0.02969600073993206,0.03174399957060814
qkv,1,10240,8192,64x128x128,6,28,0.02969600073993206,0.03174399957060814
qkv,1,10240,8192,64x128x128,6,29,0.0297279991209507,0.03174399957060814
qkv,1,10240,8192,64x128x128,6,30,0.0297279991209507,0.0297279991209507
qkv,1,10240,8192,64x128x128,7,1,0.029759999364614487,0.0297279991209507
qkv,1,10240,8192,64x128x128,7,2,0.02953599952161312,0.0315839983522892
qkv,1,10240,8192,64x128x128,7,3,0.0297279991209507,0.03174399957060814
qkv,1,10240,8192,64x128x128,7,4,0.02969600073993206,0.03177599981427193
qkv,1,10240,8192,64x128x128,7,5,0.02969600073993206,0.03174399957060814
qkv,1,10240,8192,64x128x128,7,6,0.02985600009560585,0.02969600073993206
qkv,1,10240,8192,64x128x128,7,7,0.02969600073993206,0.03171199932694435
qkv,1,10240,8192,64x128x128,7,8,0.029632000252604485,0.029791999608278275
qkv,1,10240,8192,64x128x128,7,9,0.02969600073993206,0.02969600073993206
qkv,1,10240,8192,64x128x128,7,10,0.02969600073993206,0.03174399957060814
qkv,1,10240,8192,64x128x128,7,11,0.02969600073993206,0.0297279991209507
qkv,1,10240,8192,64x128x128,7,12,0.02985600009560585,0.03174399957060814
qkv,1,10240,8192,64x128x128,7,13,0.029983999207615852,0.03177599981427193
qkv,1,10240,8192,64x128x128,7,14,0.0297279991209507,0.03171199932694435
qkv,1,10240,8192,64x128x128,7,15,0.0297279991209507,0.03155200183391571
qkv,1,10240,8192,64x128x128,7,16,0.02953599952161312,0.0315839983522892
qkv,1,10240,8192,64x128x128,7,17,0.0297279991209507,0.029440000653266907
qkv,1,10240,8192,64x128x128,7,18,0.029759999364614487,0.03177599981427193
qkv,1,10240,8192,64x128x128,7,19,0.02969600073993206,0.03174399957060814
qkv,1,10240,8192,64x128x128,7,20,0.029664000496268272,0.031808000057935715
qkv,1,10240,8192,64x128x128,7,21,0.0297279991209507,0.0318400003015995
qkv,1,10240,8192,64x128x128,7,22,0.02969600073993206,0.03174399957060814
qkv,1,10240,8192,64x128x128,7,23,0.029759999364614487,0.031936001032590866
qkv,1,10240,8192,64x128x128,7,24,0.029759999364614487,0.02969600073993206
qkv,1,10240,8192,64x128x128,7,25,0.02969600073993206,0.031936001032590866
qkv,1,10240,8192,64x128x128,7,26,0.02969600073993206,0.031936001032590866
qkv,1,10240,8192,64x128x128,7,27,0.0297279991209507,0.02969600073993206
qkv,1,10240,8192,64x128x128,7,28,0.02969600073993206,0.03187200054526329
qkv,1,10240,8192,64x128x128,7,29,0.02924799919128418,0.03174399957060814
qkv,1,10240,8192,64x128x128,7,30,0.0297279991209507,0.02969600073993206
gate_up,16,57344,8192,64x64x128,1,1,0.09548799693584442,0.09728000313043594
gate_up,16,57344,8192,64x64x128,1,2,0.09523200243711472,0.09523200243711472
gate_up,16,57344,8192,64x64x128,1,3,0.09523200243711472,0.09731200337409973
gate_up,16,57344,8192,64x64x128,1,4,0.09728000313043594,0.0952640026807785
gate_up,16,57344,8192,64x64x128,1,5,0.09529600292444229,0.09728000313043594
gate_up,16,57344,8192,64x64x128,1,6,0.09523200243711472,0.09731200337409973
gate_up,16,57344,8192,64x64x128,1,7,0.09523200243711472,0.09728000313043594
gate_up,16,57344,8192,64x64x128,1,8,0.09529600292444229,0.09731200337409973
gate_up,16,57344,8192,64x64x128,1,9,0.0952640026807785,0.09532800316810608
gate_up,16,57344,8192,64x64x128,1,10,0.0952640026807785,0.09728000313043594
gate_up,16,57344,8192,64x64x128,1,11,0.0952640026807785,0.09724800288677216
gate_up,16,57344,8192,64x64x128,1,12,0.0952640026807785,0.09523200243711472
gate_up,16,57344,8192,64x64x128,1,13,0.09523200243711472,0.0952640026807785
gate_up,16,57344,8192,64x64x128,1,14,0.0952640026807785,0.09728000313043594
gate_up,16,57344,8192,64x64x128,1,15,0.09523200243711472,0.09724800288677216
gate_up,16,57344,8192,64x64x128,1,16,0.0952640026807785,0.09737599641084671
gate_up,16,57344,8192,64x64x128,1,17,0.0952640026807785,0.09532800316810608
gate_up,16,57344,8192,64x64x128,1,18,0.09724800288677216,0.09734400361776352
gate_up,16,57344,8192,64x64x128,1,19,0.0952640026807785,0.09753599762916565
gate_up,16,57344,8192,64x64x128,1,20,0.09728000313043594,0.09731200337409973
gate_up,16,57344,8192,64x64x128,1,21,0.09731200337409973,0.09731200337409973
gate_up,16,57344,8192,64x64x128,1,22,0.09728000313043594,0.09523200243711472
gate_up,16,57344,8192,64x64x128,1,23,0.0952640026807785,0.09731200337409973
gate_up,16,57344,8192,64x64x128,1,24,0.09529600292444229,0.0952640026807785
gate_up,16,57344,8192,64x64x128,1,25,0.09523200243711472,0.09728000313043594
gate_up,16,57344,8192,64x64x128,1,26,0.09536000341176987,0.09932799637317657
gate_up,16,57344,8192,64x64x128,1,27,0.0952640026807785,0.09731200337409973
gate_up,16,57344,8192,64x64x128,1,28,0.09523200243711472,0.09728000313043594
gate_up,16,57344,8192,64x64x128,1,29,0.0952640026807785,0.09529600292444229
gate_up,16,57344,8192,64x64x128,1,30,0.09523200243711472,0.09532800316810608
gate_up,16,57344,8192,64x64x128,2,1,0.09731200337409973,0.09523200243711472
gate_up,16,57344,8192,64x64x128,2,2,0.09523200243711472,0.09728000313043594
gate_up,16,57344,8192,64x64x128,2,3,0.09532800316810608,0.09728000313043594
gate_up,16,57344,8192,64x64x128,2,4,0.0952640026807785,0.0950080007314682
gate_up,16,57344,8192,64x64x128,2,5,0.09731200337409973,0.09734400361776352
gate_up,16,57344,8192,64x64x128,2,6,0.09520000219345093,0.09731200337409973
gate_up,16,57344,8192,64x64x128,2,7,0.09504000097513199,0.09523200243711472
gate_up,16,57344,8192,64x64x128,2,8,0.09532800316810608,0.0952640026807785
gate_up,16,57344,8192,64x64x128,2,9,0.0952640026807785,0.09520000219345093
gate_up,16,57344,8192,64x64x128,2,10,0.09523200243711472,0.09523200243711472
gate_up,16,57344,8192,64x64x128,2,11,0.0952640026807785,0.09734400361776352
gate_up,16,57344,8192,64x64x128,2,12,0.0952640026807785,0.09728000313043594
gate_up,16,57344,8192,64x64x128,2,13,0.09516800194978714,0.09728000313043594
gate_up,16,57344,8192,64x64x128,2,14,0.09523200243711472,0.09520000219345093
gate_up,16,57344,8192,64x64x128,2,15,0.0952640026807785,0.09734400361776352
gate_up,16,57344,8192,64x64x128,2,16,0.09529600292444229,0.09728000313043594
gate_up,16,57344,8192,64x64x128,2,17,0.09532800316810608,0.09523200243711472
gate_up,16,57344,8192,64x64x128,2,18,0.09520000219345093,0.09529600292444229
gate_up,16,57344,8192,64x64x128,2,19,0.0952640026807785,0.09523200243711472
gate_up,16,57344,8192,64x64x128,2,20,0.09523200243711472,0.09728000313043594
gate_up,16,57344,8192,64x64x128,2,21,0.09523200243711472,0.09731200337409973
gate_up,16,57344,8192,64x64x128,2,22,0.09523200243711472,0.09734400361776352
gate_up,16,57344,8192,64x64x128,2,23,0.09731200337409973,0.09523200243711472
gate_up,16,57344,8192,64x64x128,2,24,0.09523200243711472,0.09731200337409973
gate_up,16,57344,8192,64x64x128,2,25,0.0952640026807785,0.0952640026807785
gate_up,16,57344,8192,64x64x128,2,26,0.09520000219345093,0.09728000313043594
gate_up,16,57344,8192,64x64x128,2,27,0.09523200243711472,0.09728000313043594
gate_up,16,57344,8192,64x64x128,2,28,0.09523200243711472,0.09532800316810608
gate_up,16,57344,8192,64x64x128,2,29,0.09529600292444229,0.09728000313043594
gate_up,16,57344,8192,64x64x128,2,30,0.09532800316810608,0.09731200337409973
gate_up,16,57344,8192,64x64x128,3,1,0.09504000097513199,0.0952640026807785
gate_up,16,57344,8192,64x64x128,3,2,0.09523200243711472,0.09731200337409973
gate_up,16,57344,8192,64x64x128,3,3,0.09523200243711472,0.09728000313043594
gate_up,16,57344,8192,64x64x128,3,4,0.09520000219345093,0.09728000313043594
gate_up,16,57344,8192,64x64x128,3,5,0.0950080007314682,0.09734400361776352
gate_up,16,57344,8192,64x64x128,3,6,0.09523200243711472,0.09734400361776352
gate_up,16,57344,8192,64x64x128,3,7,0.09520000219345093,0.09731200337409973
gate_up,16,57344,8192,64x64x128,3,8,0.09523200243711472,0.09724800288677216
gate_up,16,57344,8192,64x64x128,3,9,0.09523200243711472,0.09728000313043594
gate_up,16,57344,8192,64x64x128,3,10,0.09532800316810608,0.09728000313043594
gate_up,16,57344,8192,64x64x128,3,11,0.0952640026807785,0.09728000313043594
gate_up,16,57344,8192,64x64x128,3,12,0.09523200243711472,0.09728000313043594
gate_up,16,57344,8192,64x64x128,3,13,0.09532800316810608,0.09728000313043594
gate_up,16,57344,8192,64x64x128,3,14,0.09529600292444229,0.0952640026807785
gate_up,16,57344,8192,64x64x128,3,15,0.0952640026807785,0.0952640026807785
gate_up,16,57344,8192,64x64x128,3,16,0.09529600292444229,0.09724800288677216
gate_up,16,57344,8192,64x64x128,3,17,0.09523200243711472,0.09731200337409973
gate_up,16,57344,8192,64x64x128,3,18,0.09728000313043594,0.09728000313043594
gate_up,16,57344,8192,64x64x128,3,19,0.0952640026807785,0.09523200243711472
gate_up,16,57344,8192,64x64x128,3,20,0.09523200243711472,0.09728000313043594
gate_up,16,57344,8192,64x64x128,3,21,0.09523200243711472,0.09728000313043594
gate_up,16,57344,8192,64x64x128,3,22,0.09523200243711472,0.09731200337409973
gate_up,16,57344,8192,64x64x128,3,23,0.09523200243711472,0.09523200243711472
gate_up,16,57344,8192,64x64x128,3,24,0.09529600292444229,0.09728000313043594
gate_up,16,57344,8192,64x64x128,3,25,0.0952640026807785,0.09724800288677216
gate_up,16,57344,8192,64x64x128,3,26,0.09523200243711472,0.09728000313043594
gate_up,16,57344,8192,64x64x128,3,27,0.09529600292444229,0.09728000313043594
gate_up,16,57344,8192,64x64x128,3,28,0.09523200243711472,0.09507200121879578
gate_up,16,57344,8192,64x64x128,3,29,0.0952640026807785,0.09523200243711472
gate_up,16,57344,8192,64x64x128,3,30,0.0952640026807785,0.09728000313043594
gate_up,16,57344,8192,64x64x128,4,1,0.09507200121879578,0.09523200243711472
gate_up,16,57344,8192,64x64x128,4,2,0.0952640026807785,0.09728000313043594
gate_up,16,57344,8192,64x64x128,4,3,0.09523200243711472,0.09728000313043594
gate_up,16,57344,8192,64x64x128,4,4,0.09523200243711472,0.09724800288677216
gate_up,16,57344,8192,64x64x128,4,5,0.0952640026807785,0.09520000219345093
gate_up,16,57344,8192,64x64x128,4,6,0.09523200243711472,0.09734400361776352
gate_up,16,57344,8192,64x64x128,4,7,0.09628800302743912,0.09728000313043594
gate_up,16,57344,8192,64x64x128,4,8,0.0952640026807785,0.09529600292444229
gate_up,16,57344,8192,64x64x128,4,9,0.09523200243711472,0.09520000219345093
gate_up,16,57344,8192,64x64x128,4,10,0.09523200243711472,0.09731200337409973
gate_up,16,57344,8192,64x64x128,4,11,0.0952640026807785,0.09724800288677216
gate_up,16,57344,8192,64x64x128,4,12,0.09532800316810608,0.09728000313043594
gate_up,16,57344,8192,64x64x128,4,13,0.09532800316810608,0.09523200243711472
gate_up,16,57344,8192,64x64x128,4,14,0.0952640026807785,0.09728000313043594
gate_up,16,57344,8192,64x64x128,4,15,0.09728000313043594,0.09731200337409973
gate_up,16,57344,8192,64x64x128,4,16,0.09523200243711472,0.0952640026807785
gate_up,16,57344,8192,64x64x128,4,17,0.09529600292444229,0.09734400361776352
gate_up,16,57344,8192,64x64x128,4,18,0.09520000219345093,0.09523200243711472
gate_up,16,57344,8192,64x64x128,4,19,0.09523200243711472,0.09728000313043594
gate_up,16,57344,8192,64x64x128,4,20,0.09504000097513199,0.09728000313043594
gate_up,16,57344,8192,64x64x128,4,21,0.09523200243711472,0.09728000313043594
gate_up,16,57344,8192,64x64x128,4,22,0.0952640026807785,0.09728000313043594
gate_up,16,57344,8192,64x64x128,4,23,0.09523200243711472,0.09529600292444229
gate_up,16,57344,8192,64x64x128,4,24,0.09529600292444229,0.09724800288677216
gate_up,16,57344,8192,64x64x128,4,25,0.09523200243711472,0.0952640026807785
gate_up,16,57344,8192,64x64x128,4,26,0.09532800316810608,0.09728000313043594
gate_up,16,57344,8192,64x64x128,4,27,0.09523200243711472,0.09523200243711472
gate_up,16,57344,8192,64x64x128,4,28,0.09523200243711472,0.09734400361776352
gate_up,16,57344,8192,64x64x128,4,29,0.09523200243711472,0.09731200337409973
gate_up,16,57344,8192,64x64x128,4,30,0.0952640026807785,0.09728000313043594
gate_up,16,57344,8192,64x64x128,5,1,0.09520000219345093,0.09728000313043594
gate_up,16,57344,8192,64x64x128,5,2,0.09504000097513199,0.09539200365543365
gate_up,16,57344,8192,64x64x128,5,3,0.09529600292444229,0.09724800288677216
gate_up,16,57344,8192,64x64x128,5,4,0.09532800316810608,0.09523200243711472
gate_up,16,57344,8192,64x64x128,5,5,0.09523200243711472,0.09728000313043594
gate_up,16,57344,8192,64x64x128,5,6,0.09523200243711472,0.09523200243711472
gate_up,16,57344,8192,64x64x128,5,7,0.09728000313043594,0.09731200337409973
gate_up,16,57344,8192,64x64x128,5,8,0.09523200243711472,0.09551999717950821
gate_up,16,57344,8192,64x64x128,5,9,0.0952640026807785,0.09520000219345093
gate_up,16,57344,8192,64x64x128,5,10,0.09532800316810608,0.09523200243711472
gate_up,16,57344,8192,64x64x128,5,11,0.09523200243711472,0.0952640026807785
gate_up,16,57344,8192,64x64x128,5,12,0.0952640026807785,0.09728000313043594
gate_up,16,57344,8192,64x64x128,5,13,0.09523200243711472,0.09523200243711472
gate_up,16,57344,8192,64x64x128,5,14,0.09523200243711472,0.09731200337409973
gate_up,16,57344,8192,64x64x128,5,15,0.0952640026807785,0.09728000313043594
gate_up,16,57344,8192,64x64x128,5,16,0.09523200243711472,0.09734400361776352
gate_up,16,57344,8192,64x64x128,5,17,0.09523200243711472,0.09731200337409973
gate_up,16,57344,8192,64x64x128,5,18,0.0952640026807785,0.09523200243711472
gate_up,16,57344,8192,64x64x128,5,19,0.09523200243711472,0.09731200337409973
gate_up,16,57344,8192,64x64x128,5,20,0.09529600292444229,0.09728000313043594
gate_up,16,57344,8192,64x64x128,5,21,0.09523200243711472,0.09728000313043594
gate_up,16,57344,8192,64x64x128,5,22,0.0952640026807785,0.09536000341176987
gate_up,16,57344,8192,64x64x128,5,23,0.09728000313043594,0.09731200337409973
gate_up,16,57344,8192,64x64x128,5,24,0.09523200243711472,0.09523200243711472
gate_up,16,57344,8192,64x64x128,5,25,0.09523200243711472,0.09935999661684036
gate_up,16,57344,8192,64x64x128,5,26,0.09529600292444229,0.09728000313043594
gate_up,16,57344,8192,64x64x128,5,27,0.09523200243711472,0.09734400361776352
gate_up,16,57344,8192,64x64x128,5,28,0.09523200243711472,0.0952640026807785
gate_up,16,57344,8192,64x64x128,5,29,0.09523200243711472,0.09731200337409973
gate_up,16,57344,8192,64x64x128,5,30,0.09497600048780441,0.09731200337409973
gate_up,16,57344,8192,64x64x128,6,1,0.0952640026807785,0.09523200243711472
gate_up,16,57344,8192,64x64x128,6,2,0.09523200243711472,0.09728000313043594
gate_up,16,57344,8192,64x64x128,6,3,0.09523200243711472,0.09734400361776352
gate_up,16,57344,8192,64x64x128,6,4,0.0952640026807785,0.09731200337409973
gate_up,16,57344,8192,64x64x128,6,5,0.09523200243711472,0.09734400361776352
gate_up,16,57344,8192,64x64x128,6,6,0.0952640026807785,0.0952640026807785
gate_up,16,57344,8192,64x64x128,6,7,0.09523200243711472,0.0952640026807785
gate_up,16,57344,8192,64x64x128,6,8,0.0952640026807785,0.09737599641084671
gate_up,16,57344,8192,64x64x128,6,9,0.0952640026807785,0.09728000313043594
gate_up,16,57344,8192,64x64x128,6,10,0.0952640026807785,0.09728000313043594
gate_up,16,57344,8192,64x64x128,6,11,0.09520000219345093,0.09728000313043594
gate_up,16,57344,8192,64x64x128,6,12,0.09529600292444229,0.09731200337409973
gate_up,16,57344,8192,64x64x128,6,13,0.09523200243711472,0.09731200337409973
gate_up,16,57344,8192,64x64x128,6,14,0.09523200243711472,0.09731200337409973
gate_up,16,57344,8192,64x64x128,6,15,0.09520000219345093,0.09734400361776352
gate_up,16,57344,8192,64x64x128,6,16,0.09523200243711472,0.09724800288677216
gate_up,16,57344,8192,64x64x128,6,17,0.09705600142478943,0.09731200337409973
gate_up,16,57344,8192,64x64x128,6,18,0.09529600292444229,0.09523200243711472
gate_up,16,57344,8192,64x64x128,6,19,0.0952640026807785,0.09734400361776352
gate_up,16,57344,8192,64x64x128,6,20,0.0952640026807785,0.09728000313043594
gate_up,16,57344,8192,64x64x128,6,21,0.0952640026807785,0.09728000313043594
gate_up,16,57344,8192,64x64x128,6,22,0.0952640026807785,0.09731200337409973
gate_up,16,57344,8192,64x64x128,6,23,0.09523200243711472,0.09750399738550186
gate_up,16,57344,8192,64x64x128,6,24,0.0952640026807785,0.09731200337409973
gate_up,16,57344,8192,64x64x128,6,25,0.09728000313043594,0.09728000313043594
gate_up,16,57344,8192,64x64x128,6,26,0.09532800316810608,0.09532800316810608
gate_up,16,57344,8192,64x64x128,6,27,0.09529600292444229,0.09728000313043594
gate_up,16,57344,8192,64x64x128,6,28,0.09523200243711472,0.09731200337409973
gate_up,16,57344,8192,64x64x128,6,29,0.0952640026807785,0.09523200243711472
gate_up,16,57344,8192,64x64x128,6,30,0.0952640026807785,0.09731200337409973
gate_up,16,57344,8192,64x64x128,7,1,0.09532800316810608,0.09734400361776352
gate_up,16,57344,8192,64x64x128,7,2,0.09523200243711472,0.09728000313043594
gate_up,16,57344,8192,64x64x128,7,3,0.09523200243711472,0.09731200337409973
gate_up,16,57344,8192,64x64x128,7,4,0.0952640026807785,0.09731200337409973
gate_up,16,57344,8192,64x64x128,7,5,0.09532800316810608,0.09734400361776352
gate_up,16,57344,8192,64x64x128,7,6,0.09532800316810608,0.09504000097513199
gate_up,16,57344,8192,64x64x128,7,7,0.0952640026807785,0.09728000313043594
gate_up,16,57344,8192,64x64x128,7,8,0.09734400361776352,0.09728000313043594
gate_up,16,57344,8192,64x64x128,7,9,0.09529600292444229,0.09728000313043594
gate_up,16,57344,8192,64x64x128,7,10,0.09523200243711472,0.09728000313043594
gate_up,16,57344,8192,64x64x128,7,11,0.09523200243711472,0.09734400361776352
gate_up,16,57344,8192,64x64x128,7,12,0.09520000219345093,0.09731200337409973
gate_up,16,57344,8192,64x64x128,7,13,0.09523200243711472,0.09728000313043594
gate_up,16,57344,8192,64x64x128,7,14,0.0952640026807785,0.09728000313043594
gate_up,16,57344,8192,64x64x128,7,15,0.09523200243711472,0.09523200243711472
gate_up,16,57344,8192,64x64x128,7,16,0.09523200243711472,0.09731200337409973
gate_up,16,57344,8192,64x64x128,7,17,0.0952640026807785,0.09728000313043594
gate_up,16,57344,8192,64x64x128,7,18,0.09523200243711472,0.09724800288677216
gate_up,16,57344,8192,64x64x128,7,19,0.09529600292444229,0.09728000313043594
gate_up,16,57344,8192,64x64x128,7,20,0.0952640026807785,0.09523200243711472
gate_up,16,57344,8192,64x64x128,7,21,0.09523200243711472,0.09734400361776352
gate_up,16,57344,8192,64x64x128,7,22,0.09523200243711472,0.09724800288677216
gate_up,16,57344,8192,64x64x128,7,23,0.09529600292444229,0.09731200337409973
gate_up,16,57344,8192,64x64x128,7,24,0.09523200243711472,0.09728000313043594
gate_up,16,57344,8192,64x64x128,7,25,0.0952640026807785,0.09724800288677216
gate_up,16,57344,8192,64x64x128,7,26,0.0952640026807785,0.09753599762916565
gate_up,16,57344,8192,64x64x128,7,27,0.09523200243711472,0.09728000313043594
gate_up,16,57344,8192,64x64x128,7,28,0.09520000219345093,0.09523200243711472
gate_up,16,57344,8192,64x64x128,7,29,0.09532800316810608,0.09731200337409973
gate_up,16,57344,8192,64x64x128,7,30,0.09532800316810608,0.09734400361776352
gate_up,64,57344,8192,64x64x128,1,1,0.09523200243711472,0.09728000313043594
gate_up,64,57344,8192,64x64x128,1,2,0.09734400361776352,0.09728000313043594
gate_up,64,57344,8192,64x64x128,1,3,0.09728000313043594,0.09728000313043594
gate_up,64,57344,8192,64x64x128,1,4,0.09728000313043594,0.09728000313043594
gate_up,64,57344,8192,64x64x128,1,5,0.09523200243711472,0.09728000313043594
gate_up,64,57344,8192,64x64x128,1,6,0.09523200243711472,0.09935999661684036
gate_up,64,57344,8192,64x64x128,1,7,0.09523200243711472,0.09939199686050415
gate_up,64,57344,8192,64x64x128,1,8,0.09728000313043594,0.09724800288677216
gate_up,64,57344,8192,64x64x128,1,9,0.09529600292444229,0.09728000313043594
gate_up,64,57344,8192,64x64x128,1,10,0.09728000313043594,0.09728000313043594
gate_up,64,57344,8192,64x64x128,1,11,0.09523200243711472,0.09724800288677216
gate_up,64,57344,8192,64x64x128,1,12,0.09728000313043594,0.09728000313043594
gate_up,64,57344,8192,64x64x128,1,13,0.0952640026807785,0.09728000313043594
gate_up,64,57344,8192,64x64x128,1,14,0.09532800316810608,0.09935999661684036
gate_up,64,57344,8192,64x64x128,1,15,0.09529600292444229,0.09935999661684036
gate_up,64,57344,8192,64x64x128,1,16,0.09728000313043594,0.09728000313043594
gate_up,64,57344,8192,64x64x128,1,17,0.09728000313043594,0.09932799637317657
gate_up,64,57344,8192,64x64x128,1,18,0.0952640026807785,0.09721600264310837
gate_up,64,57344,8192,64x64x128,1,19,0.09731200337409973,0.09728000313043594
gate_up,64,57344,8192,64x64x128,1,20,0.09728000313043594,0.09731200337409973
gate_up,64,57344,8192,64x64x128,1,21,0.0952640026807785,0.09731200337409973
gate_up,64,57344,8192,64x64x128,1,22,0.09523200243711472,0.09728000313043594
gate_up,64,57344,8192,64x64x128,1,23,0.09724800288677216,0.09935999661684036
gate_up,64,57344,8192,64x64x128,1,24,0.09731200337409973,0.09728000313043594
gate_up,64,57344,8192,64x64x128,1,25,0.09523200243711472,0.09728000313043594
gate_up,64,57344,8192,64x64x128,1,26,0.09523200243711472,0.09728000313043594
gate_up,64,57344,8192,64x64x128,1,27,0.09724800288677216,0.09728000313043594
gate_up,64,57344,8192,64x64x128,1,28,0.09728000313043594,0.09731200337409973
gate_up,64,57344,8192,64x64x128,1,29,0.09523200243711472,0.09728000313043594
gate_up,64,57344,8192,64x64x128,1,30,0.09523200243711472,0.09731200337409973
gate_up,64,57344,8192,64x64x128,2,1,0.0952640026807785,0.09728000313043594
gate_up,64,57344,8192,64x64x128,2,2,0.09523200243711472,0.09728000313043594
gate_up,64,57344,8192,64x64x128,2,3,0.09734400361776352,0.09728000313043594
gate_up,64,57344,8192,64x64x128,2,4,0.09523200243711472,0.09728000313043594
gate_up,64,57344,8192,64x64x128,2,5,0.09728000313043594,0.09728000313043594
gate_up,64,57344,8192,64x64x128,2,6,0.09523200243711472,0.09728000313043594
gate_up,64,57344,8192,64x64x128,2,7,0.0952640026807785,0.09734400361776352
gate_up,64,57344,8192,64x64x128,2,8,0.09728000313043594,0.09728000313043594
gate_up,64,57344,8192,64x64x128,2,9,0.0952640026807785,0.09728000313043594
gate_up,64,57344,8192,64x64x128,2,10,0.09523200243711472,0.09731200337409973
gate_up,64,57344,8192,64x64x128,2,11,0.09523200243711472,0.09728000313043594
gate_up,64,57344,8192,64x64x128,2,12,0.09734400361776352,0.09935999661684036
gate_up,64,57344,8192,64x64x128,2,13,0.09734400361776352,0.09935999661684036
gate_up,64,57344,8192,64x64x128,2,14,0.0952640026807785,0.09728000313043594
gate_up,64,57344,8192,64x64x128,2,15,0.09731200337409973,0.09728000313043594
gate_up,64,57344,8192,64x64x128,2,16,0.09728000313043594,0.09939199686050415
gate_up,64,57344,8192,64x64x128,2,17,0.0952640026807785,0.09731200337409973
gate_up,64,57344,8192,64x64x128,2,18,0.09523200243711472,0.09728000313043594
gate_up,64,57344,8192,64x64x128,2,19,0.0952640026807785,0.09728000313043594
gate_up,64,57344,8192,64x64x128,2,20,0.0952640026807785,0.09728000313043594
gate_up,64,57344,8192,64x64x128,2,21,0.09731200337409973,0.09737599641084671
gate_up,64,57344,8192,64x64x128,2,22,0.09728000313043594,0.09728000313043594
gate_up,64,57344,8192,64x64x128,2,23,0.09523200243711472,0.09728000313043594
gate_up,64,57344,8192,64x64x128,2,24,0.09734400361776352,0.09728000313043594
gate_up,64,57344,8192,64x64x128,2,25,0.09728000313043594,0.09728000313043594
gate_up,64,57344,8192,64x64x128,2,26,0.09731200337409973,0.09728000313043594
gate_up,64,57344,8192,64x64x128,2,27,0.09510400146245956,0.09731200337409973
gate_up,64,57344,8192,64x64x128,2,28,0.09728000313043594,0.09935999661684036
gate_up,64,57344,8192,64x64x128,2,29,0.09734400361776352,0.09731200337409973
gate_up,64,57344,8192,64x64x128,2,30,0.0950080007314682,0.09731200337409973
gate_up,64,57344,8192,64x64x128,3,1,0.09532800316810608,0.09724800288677216
gate_up,64,57344,8192,64x64x128,3,2,0.09731200337409973,0.09731200337409973
gate_up,64,57344,8192,64x64x128,3,3,0.09728000313043594,0.09696000069379807
gate_up,64,57344,8192,64x64x128,3,4,0.09728000313043594,0.09728000313043594
gate_up,64,57344,8192,64x64x128,3,5,0.09731200337409973,0.09731200337409973
gate_up,64,57344,8192,64x64x128,3,6,0.09728000313043594,0.09932799637317657
gate_up,64,57344,8192,64x64x128,3,7,0.09529600292444229,0.09728000313043594
gate_up,64,57344,8192,64x64x128,3,8,0.09728000313043594,0.09728000313043594
gate_up,64,57344,8192,64x64x128,3,9,0.09728000313043594,0.09728000313043594
gate_up,64,57344,8192,64x64x128,3,10,0.09728000313043594,0.09728000313043594
gate_up,64,57344,8192,64x64x128,3,11,0.09523200243711472,0.09728000313043594
gate_up,64,57344,8192,64x64x128,3,12,0.09532800316810608,0.09731200337409973
gate_up,64,57344,8192,64x64x128,3,13,0.09728000313043594,0.09728000313043594
gate_up,64,57344,8192,64x64x128,3,14,0.09731200337409973,0.09728000313043594
gate_up,64,57344,8192,64x64x128,3,15,0.0952640026807785,0.09731200337409973
gate_up,64,57344,8192,64x64x128,3,16,0.09532800316810608,0.09728000313043594
gate_up,64,57344,8192,64x64x128,3,17,0.09513600170612335,0.09728000313043594
gate_up,64,57344,8192,64x64x128,3,18,0.09728000313043594,0.09756799787282944
gate_up,64,57344,8192,64x64x128,3,19,0.09731200337409973,0.09731200337409973
gate_up,64,57344,8192,64x64x128,3,20,0.09523200243711472,0.09728000313043594
gate_up,64,57344,8192,64x64x128,3,21,0.09532800316810608,0.09731200337409973
gate_up,64,57344,8192,64x64x128,3,22,0.09731200337409973,0.09731200337409973
gate_up,64,57344,8192,64x64x128,3,23,0.09529600292444229,0.09728000313043594
gate_up,64,57344,8192,64x64x128,3,24,0.09529600292444229,0.09731200337409973
gate_up,64,57344,8192,64x64x128,3,25,0.09523200243711472,0.09728000313043594
gate_up,64,57344,8192,64x64x128,3,26,0.0952640026807785,0.09728000313043594
gate_up,64,57344,8192,64x64x128,3,27,0.09728000313043594,0.09728000313043594
gate_up,64,57344,8192,64x64x128,3,28,0.09523200243711472,0.09935999661684036
gate_up,64,57344,8192,64x64x128,3,29,0.09728000313043594,0.09728000313043594
gate_up,64,57344,8192,64x64x128,3,30,0.09728000313043594,0.09731200337409973
gate_up,64,57344,8192,64x64x128,4,1,0.09728000313043594,0.09728000313043594
gate_up,64,57344,8192,64x64x128,4,2,0.09532800316810608,0.09728000313043594
gate_up,64,57344,8192,64x64x128,4,3,0.09734400361776352,0.09728000313043594
gate_up,64,57344,8192,64x64x128,4,4,0.0952640026807785,0.09731200337409973
gate_up,64,57344,8192,64x64x128,4,5,0.09529600292444229,0.09731200337409973
gate_up,64,57344,8192,64x64x128,4,6,0.09520000219345093,0.09731200337409973
gate_up,64,57344,8192,64x64x128,4,7,0.09523200243711472,0.09728000313043594
gate_up,64,57344,8192,64x64x128,4,8,0.0952640026807785,0.09731200337409973
gate_up,64,57344,8192,64x64x128,4,9,0.09724800288677216,0.09731200337409973
gate_up,64,57344,8192,64x64x128,4,10,0.09523200243711472,0.09731200337409973
gate_up,64,57344,8192,64x64x128,4,11,0.09523200243711472,0.09728000313043594
gate_up,64,57344,8192,64x64x128,4,12,0.09731200337409973,0.09728000313043594
gate_up,64,57344,8192,64x64x128,4,13,0.09523200243711472,0.09728000313043594
gate_up,64,57344,8192,64x64x128,4,14,0.0952640026807785,0.09731200337409973
gate_up,64,57344,8192,64x64x128,4,15,0.09728000313043594,0.09728000313043594
gate_up,64,57344,8192,64x64x128,4,16,0.09728000313043594,0.09728000313043594
gate_up,64,57344,8192,64x64x128,4,17,0.09532800316810608,0.09731200337409973
gate_up,64,57344,8192,64x64x128,4,18,0.09532800316810608,0.09728000313043594
gate_up,64,57344,8192,64x64x128,4,19,0.09523200243711472,0.09939199686050415
gate_up,64,57344,8192,64x64x128,4,20,0.09734400361776352,0.09731200337409973
gate_up,64,57344,8192,64x64x128,4,21,0.09734400361776352,0.09728000313043594
gate_up,64,57344,8192,64x64x128,4,22,0.09523200243711472,0.09728000313043594
gate_up,64,57344,8192,64x64x128,4,23,0.09731200337409973,0.09724800288677216
gate_up,64,57344,8192,64x64x128,4,24,0.09728000313043594,0.09724800288677216
gate_up,64,57344,8192,64x64x128,4,25,0.09734400361776352,0.09728000313043594
gate_up,64,57344,8192,64x64x128,4,26,0.09731200337409973,0.09731200337409973
gate_up,64,57344,8192,64x64x128,4,27,0.09523200243711472,0.09728000313043594
gate_up,64,57344,8192,64x64x128,4,28,0.0952640026807785,0.09731200337409973
gate_up,64,57344,8192,64x64x128,4,29,0.0952640026807785,0.09728000313043594
gate_up,64,57344,8192,64x64x128,4,30,0.09731200337409973,0.09731200337409973
gate_up,64,57344,8192,64x64x128,5,1,0.09520000219345093,0.09728000313043594
gate_up,64,57344,8192,64x64x128,5,2,0.09728000313043594,0.09724800288677216
gate_up,64,57344,8192,64x64x128,5,3,0.0952640026807785,0.09728000313043594
gate_up,64,57344,8192,64x64x128,5,4,0.09523200243711472,0.09728000313043594
gate_up,64,57344,8192,64x64x128,5,5,0.09523200243711472,0.09728000313043594
gate_up,64,57344,8192,64x64x128,5,6,0.09728000313043594,0.09728000313043594
gate_up,64,57344,8192,64x64x128,5,7,0.09529600292444229,0.09728000313043594
gate_up,64,57344,8192,64x64x128,5,8,0.0952640026807785,0.09728000313043594
gate_up,64,57344,8192,64x64x128,5,9,0.09728000313043594,0.09728000313043594
gate_up,64,57344,8192,64x64x128,5,10,0.09728000313043594,0.09734400361776352
gate_up,64,57344,8192,64x64x128,5,11,0.09523200243711472,0.09932799637317657
gate_up,64,57344,8192,64x64x128,5,12,0.09523200243711472,0.09728000313043594
gate_up,64,57344,8192,64x64x128,5,13,0.09532800316810608,0.09728000313043594
gate_up,64,57344,8192,64x64x128,5,14,0.09734400361776352,0.09731200337409973
gate_up,64,57344,8192,64x64x128,5,15,0.09734400361776352,0.09945599734783173
gate_up,64,57344,8192,64x64x128,5,16,0.0952640026807785,0.09728000313043594
gate_up,64,57344,8192,64x64x128,5,17,0.0952640026807785,0.09939199686050415
gate_up,64,57344,8192,64x64x128,5,18,0.09728000313043594,0.09724800288677216
gate_up,64,57344,8192,64x64x128,5,19,0.09731200337409973,0.09728000313043594
gate_up,64,57344,8192,64x64x128,5,20,0.0952640026807785,0.09728000313043594
gate_up,64,57344,8192,64x64x128,5,21,0.09529600292444229,0.09731200337409973
gate_up,64,57344,8192,64x64x128,5,22,0.09728000313043594,0.09731200337409973
gate_up,64,57344,8192,64x64x128,5,23,0.09724800288677216,0.09932799637317657
gate_up,64,57344,8192,64x64x128,5,24,0.09529600292444229,0.09728000313043594
gate_up,64,57344,8192,64x64x128,5,25,0.09523200243711472,0.09948799759149551
gate_up,64,57344,8192,64x64x128,5,26,0.09724800288677216,0.09728000313043594
gate_up,64,57344,8192,64x64x128,5,27,0.09731200337409973,0.09734400361776352
gate_up,64,57344,8192,64x64x128,5,28,0.0952640026807785,0.09728000313043594
gate_up,64,57344,8192,64x64x128,5,29,0.09734400361776352,0.09728000313043594
gate_up,64,57344,8192,64x64x128,5,30,0.09728000313043594,0.09728000313043594
gate_up,64,57344,8192,64x64x128,6,1,0.09523200243711472,0.09728000313043594
gate_up,64,57344,8192,64x64x128,6,2,0.0952640026807785,0.09728000313043594
gate_up,64,57344,8192,64x64x128,6,3,0.09529600292444229,0.09734400361776352
gate_up,64,57344,8192,64x64x128,6,4,0.09731200337409973,0.09728000313043594
gate_up,64,57344,8192,64x64x128,6,5,0.09523200243711472,0.09731200337409973
gate_up,64,57344,8192,64x64x128,6,6,0.09728000313043594,0.09935999661684036
gate_up,64,57344,8192,64x64x128,6,7,0.0952640026807785,0.09728000313043594
gate_up,64,57344,8192,64x64x128,6,8,0.09728000313043594,0.09932799637317657
gate_up,64,57344,8192,64x64x128,6,9,0.09529600292444229,0.09728000313043594
gate_up,64,57344,8192,64x64x128,6,10,0.09728000313043594,0.09728000313043594
gate_up,64,57344,8192,64x64x128,6,11,0.09731200337409973,0.09734400361776352
gate_up,64,57344,8192,64x64x128,6,12,0.09724800288677216,0.09728000313043594
gate_up,64,57344,8192,64x64x128,6,13,0.0952640026807785,0.09728000313043594
gate_up,64,57344,8192,64x64x128,6,14,0.09734400361776352,0.09734400361776352
gate_up,64,57344,8192,64x64x128,6,15,0.09731200337409973,0.09728000313043594
gate_up,64,57344,8192,64x64x128,6,16,0.0952640026807785,0.09728000313043594
gate_up,64,57344,8192,64x64x128,6,17,0.09734400361776352,0.09728000313043594
gate_up,64,57344,8192,64x64x128,6,18,0.09728000313043594,0.09743999689817429
gate_up,64,57344,8192,64x64x128,6,19,0.09724800288677216,0.09811200201511383
gate_up,64,57344,8192,64x64x128,6,20,0.09728000313043594,0.09731200337409973
gate_up,64,57344,8192,64x64x128,6,21,0.09523200243711472,0.09734400361776352
gate_up,64,57344,8192,64x64x128,6,22,0.09728000313043594,0.09728000313043594
gate_up,64,57344,8192,64x64x128,6,23,0.0952640026807785,0.09728000313043594
gate_up,64,57344,8192,64x64x128,6,24,0.09728000313043594,0.09724800288677216
gate_up,64,57344,8192,64x64x128,6,25,0.09728000313043594,0.09728000313043594
gate_up,64,57344,8192,64x64x128,6,26,0.0952640026807785,0.09724800288677216
gate_up,64,57344,8192,64x64x128,6,27,0.09731200337409973,0.09756799787282944
gate_up,64,57344,8192,64x64x128,6,28,0.09731200337409973,0.09728000313043594
gate_up,64,57344,8192,64x64x128,6,29,0.09523200243711472,0.09728000313043594
gate_up,64,57344,8192,64x64x128,6,30,0.09699200093746185,0.09724800288677216
gate_up,64,57344,8192,64x64x128,7,1,0.09523200243711472,0.09724800288677216
gate_up,64,57344,8192,64x64x128,7,2,0.0952640026807785,0.09731200337409973
gate_up,64,57344,8192,64x64x128,7,3,0.09523200243711472,0.09705600142478943
gate_up,64,57344,8192,64x64x128,7,4,0.09734400361776352,0.09728000313043594
gate_up,64,57344,8192,64x64x128,7,5,0.09523200243711472,0.09728000313043594
gate_up,64,57344,8192,64x64x128,7,6,0.09728000313043594,0.09728000313043594
gate_up,64,57344,8192,64x64x128,7,7,0.09523200243711472,0.09728000313043594
gate_up,64,57344,8192,64x64x128,7,8,0.0952640026807785,0.09728000313043594
gate_up,64,57344,8192,64x64x128,7,9,0.09728000313043594,0.09935999661684036
gate_up,64,57344,8192,64x64x128,7,10,0.09734400361776352,0.09728000313043594
gate_up,64,57344,8192,64x64x128,7,11,0.0952640026807785,0.09734400361776352
gate_up,64,57344,8192,64x64x128,7,12,0.09728000313043594,0.09728000313043594
gate_up,64,57344,8192,64x64x128,7,13,0.09529600292444229,0.09932799637317657
gate_up,64,57344,8192,64x64x128,7,14,0.0952640026807785,0.09728000313043594
gate_up,64,57344,8192,64x64x128,7,15,0.09523200243711472,0.09932799637317657
gate_up,64,57344,8192,64x64x128,7,16,0.09523200243711472,0.09728000313043594
gate_up,64,57344,8192,64x64x128,7,17,0.09731200337409973,0.09935999661684036
gate_up,64,57344,8192,64x64x128,7,18,0.09731200337409973,0.09728000313043594
gate_up,64,57344,8192,64x64x128,7,19,0.09529600292444229,0.09728000313043594
gate_up,64,57344,8192,64x64x128,7,20,0.09523200243711472,0.09731200337409973
gate_up,64,57344,8192,64x64x128,7,21,0.09523200243711472,0.09728000313043594
gate_up,64,57344,8192,64x64x128,7,22,0.09750399738550186,0.09728000313043594
gate_up,64,57344,8192,64x64x128,7,23,0.09728000313043594,0.09935999661684036
gate_up,64,57344,8192,64x64x128,7,24,0.09728000313043594,0.09728000313043594
gate_up,64,57344,8192,64x64x128,7,25,0.09532800316810608,0.09724800288677216
gate_up,64,57344,8192,64x64x128,7,26,0.09728000313043594,0.09728000313043594
gate_up,64,57344,8192,64x64x128,7,27,0.0952640026807785,0.09731200337409973
gate_up,64,57344,8192,64x64x128,7,28,0.09523200243711472,0.09728000313043594
gate_up,64,57344,8192,64x64x128,7,29,0.09529600292444229,0.09728000313043594
gate_up,64,57344,8192,64x64x128,7,30,0.09728000313043594,0.09731200337409973
