M,round,direct_ms,two_kernel_ms
1,1,0.10092800110578537,0.1035199984908104
1,2,0.1013759970664978,0.10339199751615524
1,3,0.10140799731016159,0.10342399775981903
1,4,0.09932799637317657,0.10134399682283401
1,5,0.10134399682283401,0.10345599800348282
1,6,0.10134399682283401,0.10339199751615524
1,7,0.09935999661684036,0.10342399775981903
1,8,0.09935999661684036,0.10342399775981903
1,9,0.09929600358009338,0.10332799702882767
1,10,0.1013759970664978,0.10342399775981903
1,11,0.10140799731016159,0.10342399775981903
1,12,0.10143999755382538,0.10345599800348282
1,13,0.1013759970664978,0.1035199984908104
1,14,0.10153599828481674,0.10345599800348282
1,15,0.1013759970664978,0.10342399775981903
1,16,0.10143999755382538,0.10134399682283401
1,17,0.10134399682283401,0.10345599800348282
1,18,0.10147199779748917,0.10339199751615524
1,19,0.1013759970664978,0.10355199873447418
1,20,0.10143999755382538,0.10140799731016159
1,21,0.10140799731016159,0.10134399682283401
1,22,0.1013759970664978,0.10150399804115295
1,23,0.10140799731016159,0.10342399775981903
1,24,0.10140799731016159,0.1013759970664978
1,25,0.10134399682283401,0.10342399775981903
1,26,0.1013759970664978,0.10342399775981903
1,27,0.10140799731016159,0.10342399775981903
1,28,0.10140799731016159,0.10342399775981903
1,29,0.1013759970664978,0.10361599922180176
1,30,0.09929600358009338,0.10339199751615524
4,1,0.10143999755382538,0.10547199845314026
4,2,0.10140799731016159,0.10547199845314026
4,3,0.09942399710416794,0.10550399869680405
4,4,0.09935999661684036,0.10550399869680405
4,5,0.10140799731016159,0.10543999820947647
4,6,0.1013759970664978,0.10547199845314026
4,7,0.10124800354242325,0.10550399869680405
4,8,0.10140799731016159,0.10547199845314026
4,9,0.10134399682283401,0.10547199845314026
4,10,0.1013759970664978,0.10547199845314026
4,11,0.09929600358009338,0.10547199845314026
4,12,0.10134399682283401,0.10543999820947647
4,13,0.10140799731016159,0.10550399869680405
4,14,0.1013759970664978,0.10550399869680405
4,15,0.10140799731016159,0.10540799796581268
4,16,0.10140799731016159,0.10553599894046783
4,17,0.09939199686050415,0.1053759977221489
4,18,0.10140799731016159,0.10547199845314026
4,19,0.10147199779748917,0.10547199845314026
4,20,0.10140799731016159,0.10547199845314026
4,21,0.10326399654150009,0.10547199845314026
4,22,0.10140799731016159,0.10547199845314026
4,23,0.10140799731016159,0.10543999820947647
4,24,0.1013759970664978,0.10543999820947647
4,25,0.10134399682283401,0.10540799796581268
4,26,0.1013759970664978,0.10543999820947647
4,27,0.10134399682283401,0.10547199845314026
4,28,0.10159999877214432,0.10553599894046783
4,29,0.1013759970664978,0.10556799918413162
4,30,0.1013759970664978,0.10547199845314026
16,1,0.09935999661684036,0.11366400122642517
16,2,0.09932799637317657,0.10963200032711029
16,3,0.09728000313043594,0.11187200248241425
16,4,0.09935999661684036,0.11148799955844879
16,5,0.09935999661684036,0.11168000102043152
16,6,0.09929600358009338,0.10956799983978271
16,7,0.09932799637317657,0.11366400122642517
16,8,0.09929600358009338,0.10950399935245514
16,9,0.09935999661684036,0.11164800077676773
16,10,0.09929600358009338,0.11161600053310394
16,11,0.09942399710416794,0.1117440015077591
16,12,0.0992640033364296,0.11161600053310394
16,13,0.09932799637317657,0.11158400028944016
16,14,0.09932799637317657,0.11164800077676773
16,15,0.09932799637317657,0.1136000007390976
16,16,0.09935999661684036,0.11161600053310394
16,17,0.09935999661684036,0.11155200004577637
16,18,0.09942399710416794,0.11142399907112122
16,19,0.09935999661684036,0.11164800077676773
16,20,0.09935999661684036,0.11267200112342834
16,21,0.09932799637317657,0.10966400057077408
16,22,0.09929600358009338,0.11161600053310394
16,23,0.09932799637317657,0.11366400122642517
16,24,0.09935999661684036,0.1096000000834465
16,25,0.09932799637317657,0.1117120012640953
16,26,0.09932799637317657,0.11158400028944016
16,27,0.09939199686050415,0.11164800077676773
16,28,0.09932799637317657,0.11161600053310394
16,29,0.09728000313043594,0.11161600053310394
16,30,0.09945599734783173,0.11158400028944016
64,1,0.10751999914646149,0.1382399946451187
64,2,0.1074879989027977,0.1404159963130951
64,3,0.10751999914646149,0.14047999680042267
64,4,0.10953599959611893,0.14028799533843994
64,5,0.11158400028944016,0.14028799533843994
64,6,0.10547199845314026,0.14032000303268433
64,7,0.10755199939012527,0.1387840062379837
64,8,0.1074879989027977,0.1382399946451187
64,9,0.10953599959611893,0.14032000303268433
64,10,0.10940799862146378,0.14028799533843994
64,11,0.10550399869680405,0.14028799533843994
64,12,0.1074879989027977,0.14035199582576752
64,13,0.10940799862146378,0.1403840035200119
64,14,0.10345599800348282,0.1382720023393631
64,15,0.10547199845314026,0.14025600254535675
64,16,0.10553599894046783,0.1401599943637848
64,17,0.10943999886512756,0.14028799533843994
64,18,0.10547199845314026,0.1404159963130951
64,19,0.1074879989027977,0.14032000303268433
64,20,0.10543999820947647,0.14028799533843994
64,21,0.10956799983978271,0.14025600254535675
64,22,0.10556799918413162,0.14025600254535675
64,23,0.1074879989027977,0.14035199582576752
64,24,0.10751999914646149,0.13820800185203552
64,25,0.10751999914646149,0.14028799533843994
64,26,0.10547199845314026,0.14028799533843994
64,27,0.10956799983978271,0.14028799533843994
64,28,0.10543999820947647,0.14019200205802917
64,29,0.10755199939012527,0.14028799533843994
64,30,0.10550399869680405,0.1382399946451187
